train loss,validation loss
0.6949784386890603,0.6914733065691443
0.6968544104348315,0.6898401296704912
0.6987760701283983,0.6882477077779734
0.700744366859982,0.6866960289163813
0.7027602199844355,0.6851850145996643
0.7048245150461069,0.6837145244787005
0.7069381002157106,0.6822843619992024
0.7091017833109119,0.6808942807768484
0.711316329447445,0.6795439913878168
0.7135824593407024,0.6782331682865794
0.7159008482508714,0.6769614565946825
0.7182721255397848,0.6757284785485881
0.7206968747863126,0.6745338394454828
0.723175634390493,0.6733771329778004
0.725708898585296,0.672257945895651
0.7282971187690075,0.6711758619783886
0.7309407050703275,0.6701304653304608
0.7336400280616937,0.6691213430419934
0.7363954205431482,0.6681480872716263
0.7392071793282984,0.6672102968189387
0.7420755669746227,0.6663075782576664
0.7450008134117435,0.6654395467002169
0.7479831174326232,0.6646058262600503
0.751022648023454,0.6638060502724791
0.7541195455179337,0.6630398613272963
0.7572739225704396,0.6623069111590931
0.7604858649502002,0.6616068604337222
0.7637554321649169,0.6609393784624158
0.767082657927394,0.6603041428688329
0.770467550482679,0.6597008392288387
0.7739100928160839,0.6591291606981802
0.7774102427643262,0.658588807639344
0.7809679330530198,0.6580794872557344
0.7845830712839648,0.6576009132387857
0.7882555398952088,0.657152805431652
0.7919851961158231,0.6567348895116073
0.7957718719358122,0.6563468966921598
0.7996153741096844,0.6559885634450564
0.8035154842100134,0.6556596312417801
0.8074719587449196,0.6553598463137531
0.8114845293508908,0.6550889594302108
0.8155529030697569,0.654846725692586
0.8196767627160941,0.6546329043441796
0.8238557673388199,0.6544472585939006
0.8280895527783854,0.6542895554528935
0.8323777323187626,0.6541595655829395
0.8367198974314342,0.6540570631555898
0.8411156186068096,0.6539818257210783
0.8455644462669869,0.6539336340861455
0.850065911752499,0.6539122721999864
0.8546195283746849,0.6539175270476189
0.8592247925245718,0.6539491885500381
0.8638811848286535,0.654007049470592
0.8685881713416755,0.6540909053270686
0.8733452047664721,0.6542005543090449
0.8781517256910428,0.6543357972000879
0.883007163833336,0.6544964373044424
0.8879109392846587,0.654682280377877
0.892862463743191,0.6548931345623874
0.8978611417297111,0.6551288103244851
0.9029063717783801,0.6553891203968253
0.9079975475961781,0.6556738797229419
0.9131340591853847,0.6559829054048832
0.9183152939242725,0.6563160166535508
0.9235406376019956,0.6566730347415621
0.9288094754044056,0.6570537829584695
0.9341211928482476,0.6574580865681733
0.939475176661901,0.6578857727683887
0.9448708156114574,0.6583366706520216
0.9503075012715166,0.6588106111703271
0.9557846287406063,0.6593074270977253
0.961301597301658,0.6598269529981636
0.9668578110282176,0.6603690251929117
0.9724526793377903,0.6609334817296928
0.9780856174934676,0.6615201623530516
0.9837560470558734,0.66212890847587
0.989463396287146,0.6627595631519477
0.9952071005090801,0.6634119710495667
1.000986602417918,0.6640859784259674
1.0068013523574562,0.6647814331026644
1.0126508085534376,0.6654981844415447
1.0185344373114371,0.6662360833216776
1.0244517131804212,0.6669949821167912
1.0304021190843013,0.6677747346733591
1.0363851464239304,0.6685751962892498
1.0424002951521905,0.6693962236928953
1.048447073823314,0.6702376750229421
1.0545249996195507,0.6710994098083416
1.0606335983566153,0.671981288948853
1.066772404468455,0.6728831746959228
1.0729409609793414,0.6738049306339161
1.079138819453663,0.6747464216616731
1.0853655399358788,0.6757075139743707
1.0916206908795723,0.676688075045665
1.0979038490598698,0.6776879736100998
1.104214599478381,0.6787070796457647
1.1105525352657055,0.6797452643571867
1.1169172575637956,0.6808024001584457
1.1233083754137854,0.6818783606564989
1.1297255056333273,0.6829730206347108
1.1361682726886269,0.684086256036575
1.1426363085643039,0.685217943949625
1.1491292526299615,0.6863679625895237
1.1556467515029212,0.687536191284335
1.162188458907438,0.6887225104589633
1.168754035548783,0.6899268016197679
1.1753431489634798,0.6911489473393426
1.181955473364924,0.6923888312414619
1.1885906895455907,0.6936463379861969
1.1952484846981044,0.6949213532551911
1.201928552286435,0.6962137637371044
1.2086305919219278,0.6975234571132221
1.215354309200838,0.6988503220432281
1.2220994156328857,0.7001942481511496
1.228865628394873,0.7015551260114635
1.2356526703488224,0.7029328471353775
1.2424602697489324,0.7043273039572772
1.2492881601845893,0.7057383898213543
1.2561360806858957,0.7071659989683896
1.263003775055518,0.7086100265227379
1.269890992410977,0.7100703684794661
1.2767974866129164,0.7115469216916789
1.2837230157802808,0.7130395838580279
1.2906673440091705,0.7145482535103939
1.2976302382712057,0.7160728300017591
1.3046114708478762,0.7176132134942544
1.3116108186288122,0.7191693049474023
1.318628061825167,0.7207410061065364
1.3256629858771356,0.7223282194914082
1.3327153792535364,0.7239308483849813
1.3397850345934197,0.7255487968224296
1.3468717491256452,0.7271819695803048
1.3539753207992429,0.7288302721658657
1.3610955593095426,0.7304936108066908
1.3682322646388823,0.7321718924403569
1.3753852540950444,0.7338650247044007
1.3825543374518667,0.7355729159264277
1.3897393388967723,0.7372954751143941
1.3969400756800807,0.7390326119471262
1.404156367666249,0.7407842367650059
1.4113880495574465,0.7425502605607681
1.4186349472804858,0.7443305949706382
1.4258969011747888,0.746125152265465
1.4331737321289326,0.7479338453422297
1.4404652839429877,0.749756587715539
1.4477714119386407,0.7515932935095044
1.4550919442845587,0.753443877449577
1.4624267541967233,0.7553082548547548
1.469775641358264,0.7571863416298307
1.4771385669336115,0.7590780542579368
1.4845152607024792,0.7609833097930481
1.4919055418792486,0.7629020258529011
1.4993095037839808,0.7648341206120033
1.5067267341142558,0.7667795127945656
1.5141572768006355,0.7687381216679401
1.521600972643956,0.7707098670362644
1.5290576567134213,0.7726946692335416
1.536527002802678,0.7746924491179935
1.5440094931074813,0.7767031280655659
1.551504470182174,0.778726627964118
1.5590120140030623,0.7807628712076596
1.5665311740486327,0.7828117806907995
1.5740633608675119,0.7848732798028094
1.5816073679824638,0.7869472924228581
1.5891633500705893,0.7890337429140323
1.5967322001294864,0.7911325561193177
1.6043109023743076,0.7932436573550551
1.6119021193591947,0.7953669724076782
1.6195053207277732,0.7975024275281087
1.6271222767410334,0.7996499494269595
1.6347474906665447,0.8018094652706855
1.642382964024688,0.8039809026768405
1.6500301589652862,0.8061641897099604
1.657688358230929,0.8083592548768794
1.6653615592862183,0.810566027123278
1.6730364076097581,0.8127844358299745
1.6807390955026995,0.8150144108078646
1.688428222622339,0.8172558822957814
1.696139640273111,0.8195087809547272
1.7038831741935647,0.8217730378668107
1.7116226173034688,0.8240485845295548
1.719346242794701,0.8263353528541931
1.7270807568808264,0.8286332751621227
1.7348378618097082,0.830942284178587
1.7425728627738784,0.833262313035777
1.7502736667769239,0.8355932952622154
1.7579982662678773,0.837935164785322
1.7657512726727287,0.8402878559304804
1.773458476686128,0.8426513034081617
1.781227573042109,0.845025442319589
1.7889719732471556,0.8474102081567838
1.796734290024136,0.8498055367866317
1.8044789715224048,0.8522113644633771
1.8121934434684108,0.8546276278148945
1.8199219119888008,0.85705426384582
1.827652400647713,0.8594912099406641
1.8353912521264422,0.8619384038428738
1.8431519801148935,0.8643957836725688
1.8509001288316465,0.8668632879183756
1.8586897669208469,0.8693408554219112
1.8664555208857097,0.8718284253980504
1.8742376092667061,0.8743259374118882
1.8820402827504923,0.87683333138891
1.8898709003878693,0.8793505476204145
1.8976752567776491,0.881877526736993
1.9054960063926534,0.8844142097219272
1.9132986825189058,0.8869605379153765
1.9210721518922274,0.8895164530144211
1.9288527453687005,0.8920818970404258
1.9366448893516042,0.8946568123405189
1.9444405442336488,0.8972411416896302
1.9522488237992377,0.8998348280986109
1.960059943898843,0.9024378149457176
1.967881094026939,0.9050500460257292
1.9757157592812264,0.9076714653608356
1.9835493002463371,0.9103020173412231
1.991400124804477,0.9129416467333374
1.9992426453078962,0.9155902985785753
2.0071054572845677,0.9182479182830615
2.0149816585595435,0.9209144515418918
2.022860053051007,0.9235898443819577
2.030734745306645,0.9262740432098321
2.0386268140152453,0.9289669946989559
2.046536477798984,0.931668645833464
2.0544122223249466,0.9343789439590391
2.062371100901259,0.9370978367202688
2.0702790459602376,0.9398252720176714
2.078216917647384,0.9425611982389838
2.0861377286879055,0.9453055638236529
2.0940171068965063,0.9480583178260265
2.1019156040130813,0.9508194094075755
2.109786846673115,0.9535887879355093
2.117718466580422,0.9563664035437069
2.1256256641338553,0.9591522060471549
2.133537866176343,0.9619461458866229
2.141473671067927,0.9647481740662632
2.1493974990469735,0.9675582413949606
2.157272405269655,0.9703762991052688
2.1651589200075967,0.9732022994962387
2.1730622381621743,0.9760361933887008
2.1809561395623622,0.9788779341325522
2.1888646556452813,0.9817274734114941
2.1967862018215025,0.9845847642186567
2.2047319466650754,0.9874497601327676
2.212649318857005,0.9903224142418697
2.2205804583584907,0.993202680416855
2.2285245415392803,0.9960905121685042
2.23648878460735,0.9989858639083252
2.244429971241976,1.001888690489043
2.2523389495404387,1.0047989462916076
2.2602578436709595,1.0077165862642163
2.268178488676673,1.0106415657964152
2.2761028941983508,1.0135738430722117
2.284039326149557,1.016513370701248
2.291968690765509,1.019460104298798
2.299916153593874,1.0224140047215808
2.30788234623538,1.0253750256287548
2.315829380748871,1.0283431229807745
2.3238011304299415,1.0313182591418588
2.3317782143008525,1.0343003832514752
2.3397348716675936,1.0372894638358587
2.3477065941606448,1.0402854502295482
2.3557405352180405,1.0432883018843648
2.363709104757053,1.0462979828305894
2.371695900228415,1.0493144463069617
2.3797375321910317,1.0523376531024429
2.3876899495152846,1.055367568450521
2.3956977090772495,1.0584041486436273
2.4036863138781612,1.0614473401970466
2.4115945995732697,1.064497128289777
2.4196010148241234,1.0675534487858318
2.427562237560917,1.0706162849122742
2.4355661666395876,1.0736855791919533
2.4434702868601392,1.0767613043563287
2.4513480846018574,1.0798433991507062
2.4592698241935422,1.0829318761587905
2.4671070711272924,1.0860266445301319
2.4749668809179606,1.0891276936009833
2.482762430024003,1.0922349667575078
2.4905736695790153,1.0953484434521141
2.4983244167734946,1.0984680991968312
2.5061184539073076,1.101593873169646
2.5138800001675095,1.104725717668977
2.5216477566404585,1.107863638579085
2.5294197326282433,1.1110075781720845
2.537197231643446,1.1141574831545602
2.5449798756762068,1.1173132832592734
2.552767655445592,1.1204751210358965
2.5605611443143808,1.1236426707877296
2.5683593570807584,1.1268162335451168
2.5761625531379218,1.1299954060774668
2.5839735247277296,1.1331805122412344
2.591785423560324,1.1363713664099988
2.5996042239965633,1.139567749184175
2.6074293208847115,1.1427699753363068
2.6152601578894292,1.145977678369769
2.6230979153333895,1.1491910400598258
2.630931885995542,1.1524100411703997
2.6387783477522495,1.155634588800786
2.6466256413712936,1.1588644396777277
2.654484562347614,1.162099873822869
2.6623367708327788,1.1653411408392642
2.6702101131420073,1.1685873734345957
2.6780795810591127,1.1718391599043632
2.685948275866575,1.1750958052497347
2.693829551347576,1.1783586083245723
2.701713905307035,1.1816258848635683
2.7096019022458764,1.1848988186546634
2.7174869403443505,1.1881765456114666
2.725387732006687,1.1914602099075713
2.733299434378332,1.194748080607578
2.7412157432757915,1.1980419532669753
2.749127147399068,1.2013401467062081
2.757021531175855,1.2046438512458686
2.7649501932835023,1.2079531970165376
2.7728742496785213,1.2112663664238772
2.7808124833800667,1.2145858454414882
2.7887567612305895,1.2179101134109398
2.7966650583480623,1.2212370266028345
2.8046204877821777,1.224570748139859
2.812594713567329,1.2279100153185736
2.8204921769565074,1.2312530106967814
2.8284166587295156,1.234602254085192
2.8363334122933015,1.2379562196959015
2.8442850160971314,1.2413127563926931
2.8521598157165267,1.2446760866318596
2.860100724973339,1.2480369373940547
2.8680970220968236,1.2514085248355955
2.876008889554101,1.2547913341184374
2.883949315955069,1.2581743536833163
2.891862586073244,1.261553501462634
2.8997665877313494,1.2649379188716872
2.9077065185921516,1.268342177775556
2.915659969742654,1.27173383490314
2.9235137016446484,1.2751448169593578
2.9314512473218404,1.2785559736664438
2.9393786199118823,1.2819631689890625
2.9472343181384146,1.2853902545858047
2.9551761970932,1.2888082363275812
2.9630803774315453,1.2922097944173663
2.970958235401312,1.2956675714115042
2.9788404390957446,1.2991073164635178
2.9867346904992265,1.3025169334322182
2.9946367814068453,1.3059994148517307
3.0025227898457594,1.3094465675967646
3.010414331458901,1.3128400402348268
3.018312103035023,1.316323015625061
3.0262177361689018,1.3197415810292337
3.0341285752541807,1.3232754258877024
3.0420526663479945,1.326729673220784
3.0499843495692094,1.3302014425662476
3.057927965728971,1.3336943955000302
3.0658184311598684,1.3372137678774656
3.0737828601937918,1.3405695247491967
3.0816824160779,1.3441274879915677
3.0896194760380347,1.3476056665849305
3.0975330445775344,1.3509732721496537
3.1054491799526818,1.3543448068383301
3.113363250802097,1.3577202104874935
3.1212912250353573,1.3610993555279962
3.1292069047684326,1.3644824688042947
3.1371440379821807,1.3678692974288824
3.145059776599653,1.3712599483208219
3.153011627872477,1.3746544711380992
3.1609501181690405,1.3780525890981987
3.168880254886935,1.3814544947231346
3.176821123823683,1.3848600311381387
3.184799124688048,1.3882693661715986
3.1927572533632573,1.391682197642516
3.2007134806255255,1.3950988971690683
3.2086888183223476,1.3985189391888773
3.2166684143139785,1.4019429403565709
3.2245958448700325,1.4053704895855583
3.2325974480812585,1.4088010957287622
3.2405915185242598,1.4122358392812466
3.248557874823144,1.415673919698162
3.256536801085012,1.4191156223894723
3.264523791449235,1.422560724469614
3.272535126930287,1.4260090101076672
3.2804735610196682,1.4294611623893296
3.288449069560716,1.4329163204643631
3.296405004341037,1.436375476349138
3.304363409428713,1.4398378162057182
3.312351169246597,1.4433022776992466
3.320266547325157,1.4467716758671747
3.328223509312934,1.4502439813137895
3.3362176806067008,1.4537197345790644
3.344144950610296,1.457197975718156
3.352115964220482,1.4606814961728714
3.3600360225925954,1.4641654752368216
3.368055910073224,1.467655333667418
3.375931448684907,1.4711482196123178
3.3838508023038942,1.474643036514953
3.3918017544652157,1.478141586267768
3.3997049433884214,1.4816430311868545
3.4075827001673753,1.485146278987216
3.4155322046636587,1.4886541625974394
3.4234182149353174,1.4921661518118767
3.431295867620976,1.4956815239020207
3.439191417428554,1.4991993183189598
3.447130945492535,1.5027182901624108
3.4550298715120125,1.5062436002104262
3.462939147630538,1.5097678299596202
3.470861268685325,1.5132968275012455
3.478777834549307,1.5168301479031099
3.4866780198281266,1.5203671737224367
3.4945585728179895,1.5239070708895006
3.5024593831107658,1.5274487409329762
3.5103219596374795,1.5309907748803337
3.5181894855840645,1.5345314183277337
3.5260995199450837,1.538083981588311
3.533910555082495,1.541633236001389
3.541820168302786,1.545194955888538
3.549642601015388,1.5487505213874477
3.5574682783411897,1.552318644974822
3.565304989336997,1.555876465182033
3.5731565259782245,1.559446118057242
3.5809983661504603,1.563029493318166
3.588857905592269,1.5665957078606638
3.596738395459884,1.5701737129352957
3.6045687290611,1.5737653984269198
3.61239227855197,1.5773289573431246
3.620301656679889,1.5809022238612733
3.628109680996235,1.5844864556888971
3.6360440925689295,1.5880832931817033
3.643820850125228,1.5916949299659224
3.6516831815536612,1.5952542406807326
3.6595675011602466,1.5988954595991707
3.6674071788886184,1.6024747365008485
3.675226735879833,1.6060630998370193
3.6830500791343184,1.6096616605301797
3.6908853438631173,1.613271851536831
3.6987173286545048,1.6168955639379925
3.7065425461123014,1.620535363565971
3.7143454515768752,1.6241948528451509
3.7221171980766687,1.6277117586920073
3.7298875300470278,1.6313987667200498
3.7376987665304813,1.634920754409683
3.7454799961164382,1.6386434401674073
3.7532480923957503,1.6421704607531633
3.761049817336886,1.6458145019540913
3.7688941961776394,1.6493465072552527
3.776692425595436,1.6528809871834127
3.7844525987470905,1.6564179297695174
3.7922867722607605,1.6599573233496414
3.8000665250393277,1.6634991562548105
3.8079515980764893,1.667043417147977
3.8157449028568613,1.6705900943829222
3.8235616373315797,1.674139176627083
3.831344420849604,1.6776906526502724
3.83913729441785,1.6812445111845054
3.847016589671332,1.6848007410887011
3.8548007443254018,1.6883593311638712
3.862606276146524,1.6919202708402632
3.87034111158822,1.6954835486676707
3.878084138591333,1.6990491541629844
3.8858147202684146,1.7026170765226267
3.8934988413363194,1.7061873052916556
3.901208311271216,1.7097598293646104
3.9089015972189505,1.7133346385138746
3.916587704486177,1.7169117223763974
3.9242778771111078,1.720491070258466
3.9319562546458457,1.7240726725566666
3.9396201111416724,1.7276565180304604
3.9472961442288175,1.7312425974518448
3.954883216221487,1.734830899821657
3.9625515928353705,1.7384214160403342
3.9702701947660617,1.742014136064257
3.9778740508121713,1.7456090489278673
3.9855593707278554,1.7492061461339397
3.9930950162067695,1.7528054178493222
4.000743032856708,1.7564068532401544
4.008368568285092,1.7600104442991542
4.015967855383792,1.7636161803200974
4.02357797211345,1.7672240517281872
4.031127100522722,1.7708340499974842
4.038653640883534,1.7744461660583093
4.046215467715517,1.7780603891176217
4.0537287304910725,1.7816767111881795
4.061286060936705,1.7852951225559417
4.06883507028388,1.7889156152580945
4.076356535903891,1.7925381781153156
4.083876266094401,1.7961628048844065
4.0914461166271305,1.7997894849558331
4.098970875511741,1.8034182096549423
4.106499918299056,1.8070489711427395
4.114044458073404,1.8106817597592098
4.121623727567618,1.8143165669890824
4.12916379506051,1.8179533837196227
4.136669467625213,1.8215922036219285
4.144237162342589,1.825233016951138
4.151794878562847,1.8288758146034005
4.159254665815657,1.8325205893484757
4.166858552456346,1.8361673312616982
4.174318303653829,1.8398160349832748
4.181817159197338,1.843466688181044
4.189343584974028,1.8471192884686254
4.196867364662945,1.8507738223562809
4.204350925279525,1.8544302844120022
4.211836491189421,1.8580886670694905
4.2193318876776935,1.86174896422567
4.2267897945209,1.865411161561581
4.2342407605806835,1.869075258239484
4.241728138328901,1.8727412409839728
4.2491919475938165,1.876409107685241
4.256639025143343,1.880078845063603
4.264064431566307,1.8837504507423146
4.271547689650059,1.8874239156538668
4.278924313952243,1.8910992310085972
4.286439154596459,1.894776388818968
4.293897608738018,1.8984553852305799
4.301225728196177,1.9021362110970461
4.308764448245262,1.905818854312274
4.316150061235737,1.9095033165541986
4.323589753739977,1.9131895875163547
4.330989162563773,1.9168776530423093
4.338446354143057,1.9205675201169903
4.345792878036955,1.9242591708894985
4.3532103962048625,1.9279525959091148
4.360590329263093,1.9316478009666782
4.367956493074797,1.9353447612400911
4.3753421320959465,1.9390434908930194
4.382655113117419,1.9427439732813345
4.390056597348515,1.9464461929036367
4.397351687963392,1.9501501582132645
4.404734150216095,1.953855853992271
4.412073937804183,1.9575632787553594
4.419429934266705,1.9612724209154926
4.426780217274675,1.9649832754203576
4.434121161177244,1.968695830747897
4.441463388806814,1.9724100979755512
4.448818112297558,1.9761260481792053
4.456154269456993,1.979843686212836
4.463523579662106,1.9835630233453927
4.470847613216501,1.9872840205124742
4.4781398133413175,1.991006682493255
4.485537904126604,1.9947310099100597
4.492870265163231,1.9984570068613179
4.500209929655608,2.0021846407882804
4.507581841026616,2.005913929845439
4.514902740709033,2.0096448356205694
4.522249978101224,2.0133773952707177
4.529571264667652,2.017111586214279
4.536927910110695,2.0208473682054082
4.544263341728348,2.024584807272833
4.551633963840959,2.028323815239575
4.558960734129493,2.032064444824201
4.56633619683167,2.0358066894476012
4.57367745643071,2.0395505217737355
4.581066343533125,2.043295918715181
4.5884115653826765,2.047042895902991
4.595749758355355,2.050791462665815
4.603141832270475,2.0545416225171307
4.610497088008661,2.0582932966146084
4.617835401178294,2.0620465583817245
4.62518121547064,2.0658014078759597
4.632541230325818,2.0695577441117194
4.639889780822237,2.0733156679875058
4.647266100198522,2.0770750995050578
4.654613588380861,2.0808360675071915
4.661973193118077,2.0845985915050727
4.669315118589001,2.0883626177765446
4.6766275589669775,2.092128205715128
4.683941292827687,2.095895226817999
4.691294331578512,2.0996638117221806
4.698603037468608,2.1034338683693807
4.705941804805028,2.1072054038936683
4.713277143995666,2.1109785092785605
4.72061169205283,2.11475307900404
4.727981066785196,2.1185290700840107
4.735301504350192,2.1223066062142046
4.742646570520029,2.126085632447109
4.75001697018988,2.1298660606881548
4.757348104256754,2.133647911205547
4.764695379232463,2.137431309402302
4.771979173450896,2.1412161134305263
4.7794286240141135,2.145002448661202
4.786718716813884,2.1487901988120472
4.794146999124395,2.152579410989958
4.801507596286733,2.1563699059200285
4.80881012593066,2.1601619659709295
4.816270265262866,2.163955311910297
4.823553528005148,2.167750238935802
4.830883390328806,2.1715465958124045
4.838224947697392,2.1753443058783453
4.845577987965054,2.1791433235112545
4.852912749302044,2.1829438652208344
4.860211728691884,2.186745830177753
4.867531297528955,2.190549004097841
4.874864363714994,2.194353830463654
4.882126444976805,2.1981601018954913
4.889512214102225,2.201967341567025
4.896773030122053,2.2057763493432447
4.904144625697057,2.2095865803248165
4.911439150737118,2.213398054961356
4.918706826043534,2.21721116103896
4.92610109185869,2.221025341272414
4.933357501383302,2.2248409345869735
4.940692195188209,2.22865816649004
4.94798057953675,2.232476442783666
4.955328308223494,2.236296215574049
4.962605087970774,2.2401174819590133
4.969934672956399,2.243939869656982
4.977250335097262,2.2477637706145495
4.984574712554406,2.251588774084101
4.9919680447642945,2.2554147467887713
4.99915904042658,2.2592430665970715
5.006513092570498,2.263072258558728
5.013850821361467,2.2669026648630553
5.021129919692195,2.270734046601012
5.028432941853511,2.2745672086768494
5.035738180964836,2.278401282348296
5.043002324107536,2.2822367030354145
5.050291055203366,2.2860743673065205
5.057559718952389,2.289911894744884
5.064852247433144,2.293751725815794
5.072180203566459,2.297592499120242
5.079393056076522,2.301433886563678
5.086728981843947,2.305278003696213
5.093953588328584,2.3091225756987046
5.101231823650032,2.312968328168153
5.1085512841167695,2.316815150047108
5.115827082673238,2.3206630071724446
5.123086692176424,2.32451381241955
5.130399610099625,2.3283647969174823
5.13762106157106,2.3322168076433294
5.14492437284753,2.336070870292723
5.152132161545065,2.3399251067411972
5.159362214129668,2.3437810360199443
5.166609805975118,2.3476372270507153
5.173843925568017,2.351496156371773
5.181083238936156,2.3553560969144556
5.188377393149374,2.359216557777573
5.195525769619596,2.363077525758493
5.2028041221617505,2.3669409347368995
5.210061828713439,2.370808281419266
5.217276775175216,2.3746729148413306
5.224411434516474,2.3785390125942314
5.2316236906767175,2.3824082942343816
5.23882428269295,2.386278080101293
5.245950306523889,2.390147131679156
5.253124715090003,2.394017085614049
5.260359687114113,2.3978913088428624
5.267476540340026,2.4017678225653105
5.274631525486888,2.405641566158083
5.281803307625924,2.40951678062063
5.28899383063091,2.4133972517232425
5.296149219982451,2.4172745018464687
5.303307784557129,2.421157211110435
5.310482417380215,2.4250383141680625
5.317668720906578,2.4289214261039733
5.324857733070459,2.432802120052192
5.331946502619068,2.436690133080584
5.339215198109186,2.4405676004569545
5.346345949407203,2.4444614842379933
5.353523290859154,2.4483499272500477
5.360739793045239,2.452231256898728
5.367912515303524,2.4560655174272217
5.375054477680794,2.4598914302346553
5.382197671072297,2.4637255113519854
5.389508724870257,2.4675493891289415
5.396572665782532,2.4713766622951456
5.403696621823582,2.475224377405931
5.411002645073312,2.4790468427804133
5.418101881762637,2.482883350724101
5.425222072801317,2.4867310357050494
5.432447137599122,2.4905606589611424
5.439614214520777,2.4943971627601482
5.446719487826008,2.4982360310667286
5.453851041516887,2.5020818599745236
5.460990365483037,2.5059346999134267
5.468144552301422,2.5097652424848818
5.475245619171297,2.5136177828916977
5.482337516188245,2.517464311521484
5.489435045750503,2.5213069172586047
5.496610819009436,2.5251444551302176
5.5036752390152825,2.5290017639134468
5.51076640393894,2.5328552514355676
5.517896888217558,2.536718265630789
5.524999739852568,2.540538682805175
5.532089212957221,2.54441597113216
5.5393049502981295,2.5482526456505195
5.546332650821547,2.552117291045434
5.5534382328019,2.555962381904162
5.560570607015656,2.559819575364493
5.56763648493818,2.563707710856674
5.574818872119319,2.567559631766223
5.5818960872109065,2.571418938396055
5.58893201021722,2.5752876095925785
5.595977765298561,2.579138424048552
5.60314807122043,2.5830184098439513
5.610201991180418,2.586882302516589
5.617225780839052,2.5907522401436878
5.624231748157671,2.594556516109158
5.631321324288499,2.598443104396342
5.638319940317754,2.602344342852987
5.645436533046986,2.606253683525782
5.652431254669675,2.6100724237545987
5.659473724759598,2.613963577493958
5.666540024575656,2.6177994639374504
5.673546227851957,2.6216986252442775
5.680552064704143,2.625500484319472
5.6876825775627875,2.6294707058275644
5.694748284896018,2.6332748849873386
5.7016721334569755,2.637218561603166
5.708680940223223,2.6410358061197687
5.7157565147734575,2.6450100224092803
5.722671260952467,2.6488332531763517
5.7297306367394985,2.6526599539744677
5.736654291017552,2.65666526500927
5.743621318557421,2.6604941436465217
5.750622221886231,2.6643573071396864
5.757619326233193,2.668316552633436
5.76452610851703,2.6721793016598054
5.771512556060847,2.6760396558450497
5.778415190322391,2.679826867193801
5.7853891553342525,2.6837891703423993
5.792295973277547,2.6875858771662795
5.799236314956349,2.691460684532336
5.8062103880767015,2.695222338608948
5.813112701132075,2.6991266490614847
5.819977806133331,2.702910200320525
5.826845341059321,2.706833003552388
5.833820355173443,2.7106339413540894
5.840658840058598,2.7144288200025732
5.847596937201528,2.718346805240538
5.8545105666851835,2.7221643793566868
5.861474847721767,2.725915084601852
5.86828992864953,2.7298869782872024
5.87522933655554,2.733725621621796
5.882215224976329,2.7374852373700818
5.889050110634122,2.741386349079187
5.895965174424541,2.745160039632513
5.90295307395686,2.748948766370784
5.909859656178368,2.75274017445713
5.916704756053701,2.756548087918213
5.923670262494828,2.760356786209839
5.9306148506927086,2.7640694190657067
5.937437338817808,2.7679080370007174
5.944289899619276,2.7717303168523397
5.951325790011554,2.7755569110862464
5.958159451798628,2.7792737602953967
5.965074023498243,2.783108765330288
5.971988524860232,2.7868772431942253
5.978791553099906,2.7907240048154494
5.985660985974038,2.794445405033973
5.992540311465574,2.7983288520284533
5.999313637852119,2.802043148751477
6.006165208770335,2.8059127265128185
6.012995747096124,2.8096797600189682
6.019876527080933,2.8135942537539247
6.026698133569667,2.8173549781487854
6.033514735786095,2.8211311049469887
6.040336552941649,2.825001716524924
6.04713511270992,2.8287676040970613
6.05399421326435,2.8325371506938977
6.060764437294666,2.836247645039224
6.067627515535197,2.8401606199869533
6.074396038870633,2.8439319914330525
6.081209475754036,2.8476194030819504
6.088012853005525,2.8514174441115006
6.094808595000385,2.8551727400759166
6.101626587395368,2.858939051458729
6.108402982559652,2.862662986287046
6.115125313725747,2.8665272552168486
6.12204357356279,2.870139567355003
6.128776744315384,2.8738166957995706
6.135518225664257,2.8777287722166727
6.142379996071158,2.881426907247012
6.149146190996547,2.885130867601105
6.155885279292644,2.888936798995497
6.162626163159573,2.8926558389889867
6.169467955848998,2.896491462176457
6.176227187527471,2.9002388270548836
6.182938691973219,2.9041062581114345
6.189701601496128,2.9076551976051834
6.196487257995409,2.9114327447556088
6.203243806673934,2.9152259459296213
6.209952291691221,2.919032365372991
6.216704814489259,2.9227324835337147
6.2234458081359145,2.9264075407376478
6.230138427768248,2.930124539669014
6.236933670058157,2.933991117188914
6.243630002034226,2.9375530211542853
6.250443567739087,2.9413002827721813
6.257150755531621,2.945023757715078
6.263884442289007,2.948773354311305
6.27069196442784,2.95233538334807
6.277394504630333,2.956206614998132
6.284092431412131,2.959765975875766
6.290840232947587,2.963442114774686
6.297618688830023,2.9669957181822997
6.30432554949922,2.9706795153064465
6.3110965639873795,2.97424050046967
6.317816154487702,2.977801405540481
6.32452303265458,2.9813660388727983
6.331219363159946,2.984919369493652
6.338059146547441,2.9884940216137754
6.344701789029838,2.992062554401645
6.3513705212356495,2.995623585964141
6.358119590369569,2.999194673314272
6.364770853515209,3.0027579966452023
6.371476408350767,3.006329152001653
6.3781179889727975,3.009907956909531
6.384783848953793,3.013468211920876
6.391507264708839,3.0170514260407573
6.398156342550173,3.0206190611666246
6.404782165818244,3.024181942611726
6.411493132962834,3.027761264422842
6.418164103649463,3.03132847178268
6.42480343945782,3.0349026522236486
6.431471476597844,3.038485693578403
6.438203892994632,3.0420628427204726
6.444856671975158,3.04566253474667
6.451501023875463,3.049213389576389
6.458144797987768,3.0528156748916384
6.4648443657429056,3.0563808884842567
6.471471714960616,3.0599863507951843
6.478150535615649,3.0635518482455137
6.4847954868866005,3.067138384932127
6.49146335075741,3.070739169562566
6.498109274578399,3.0743028962854844
6.504702269221695,3.077897372386796
6.511415335889802,3.0814606480860527
6.517975139610199,3.085043961521013
6.524639684756361,3.088637451361758
6.531261354767736,3.0922258959327955
6.53791174100363,3.0958300255645614
6.5444866704673075,3.099429880567775
6.551185173169652,3.1030066536414136
6.557798380721961,3.106620937496284
6.5643502308594535,3.1101823059600164
6.571016575543706,3.1137826930082975
6.57764916982478,3.117382160205539
6.5842844076524,3.1209664963676786
6.590923929486875,3.124554259288906
6.597461114104514,3.128187321541464
6.604045860130034,3.131714899827948
6.610664079853918,3.1353652822154805
6.617214543067944,3.1388939742370616
6.6238128017304545,3.1425607798096964
6.630344681343624,3.1461168242658135
6.636951993995252,3.1497607708017816
6.643544157023032,3.1533130728171215
6.650078284233638,3.156988328908412
6.656646802605043,3.1605603327738314
6.663257313309242,3.164186347371973
6.669831398171098,3.1677622706847615
6.676287440133809,3.171354881361681
6.6829793171229195,3.175000422315995
6.689494581943233,3.1786084850771963
6.695964112040734,3.182215021139275
6.702534984488528,3.185909345303843
6.708965373455642,3.189469254188829
6.715543485372659,3.1929797211723763
6.72197421025281,3.1966282073016936
6.728482252729894,3.200293654374919
6.735048175138882,3.2039654942699842
6.741521773567608,3.2075080093385533
6.747972492189664,3.2109683603485553
6.7544936538974785,3.2146538548193226
6.761011134074915,3.21824375276246
6.767500109018998,3.2217957412013516
6.773951260733988,3.2254444864609013
6.7804501353239175,3.2289993188347648
6.786986618289584,3.232485899385512
6.793369208570086,3.2362483444430707
6.79986753820866,3.2397099498808903
6.806298363239701,3.243169553128075
6.812747572330132,3.2467605638054016
6.819213415779582,3.2503557558161953
6.82572786134911,3.2539636555972837
6.832184620377294,3.257480990938414
6.838545585287511,3.260914322771551
6.845064960853833,3.2643818920786623
6.851566707340332,3.2680447793622
6.858034334777076,3.2715475960299254
6.864475476242701,3.2750353631971936
6.870826086122962,3.2786591022979055
6.877437189060434,3.282159014486918
6.883854166832567,3.2856382877882164
6.890329116637841,3.289102400534005
6.896714435225436,3.292604686991834
6.903212324585595,3.2961557852559866
6.909712650312603,3.299657397977841
6.916089759749235,3.303152544224887
6.922489294528308,3.306625726252506
6.929109004481411,3.3101032179822716
6.935520483770241,3.3136105521263706
6.941909416676669,3.3171131827441416
6.948278602267874,3.32050498051642
6.954818923379666,3.324041376790148
6.961278575180753,3.3275235228867444
6.967677726424307,3.3310217154891757
6.974067474840255,3.334437583797457
6.98064847995833,3.33804605981297
6.9870259776962325,3.3414303400365575
6.993399732707938,3.344990452794922
6.9998287536947075,3.3484514633130478
7.006256879398603,3.3520595801664075
7.012685036989574,3.355481498578345
7.019101323384086,3.3588548188632616
7.025480282105867,3.3624504278717233
7.031832451249959,3.3658709579450763
7.038276072014143,3.369393114915876
7.044616388647789,3.3729239943484606
7.050980506640316,3.3764852499536047
7.057278235256858,3.3798200546741564
7.063707458642863,3.3833005689407507
7.070045506442786,3.3870154682496953
7.076387558797906,3.390382081245325
7.082713488123986,3.393874911113473
7.089150560563367,3.397265835302857
7.09547939591277,3.4009093753048263
7.101796807212689,3.4043250759365926
7.108140174955647,3.4077273790435156
7.114510911031703,3.41131611355849
7.120888492338486,3.4147783152106195
7.127252889487552,3.4179792725271754
7.133619853870913,3.4216267663464204
7.139926793375093,3.4251023011418975
7.146263184149137,3.428595774216403
7.152625376153881,3.431787614911079
7.158939775159472,3.4355085943746664
7.165282947362926,3.4390553258367076
7.1716845314933355,3.442286299303553
7.177915863924447,3.4458009067691315
7.184358908398692,3.449037054712543
7.190637614639353,3.452703384316524
7.197053892853148,3.4559511891438435
7.20335145811155,3.4596154286406784
7.209692377949021,3.4628010864113485
7.215992549276735,3.4665158400546496
7.222323474904628,3.4697030078111766
7.228699624119619,3.4729825473178884
7.234963251076528,3.4766281679429247
7.241304764221926,3.4798191441550044
7.247715442321596,3.483690787966633
7.2539633923075515,3.4868303999507178
7.260329380811627,3.490138648969022
7.266669027846863,3.493339072493348
7.273028949137657,3.4971463928666204
7.27934460646716,3.500470097892048
7.285606430195615,3.5036856615033773
7.292095814124823,3.50774958497135
7.2982682508155845,3.510975242708356
7.30472387160346,3.5141116271198527
7.3109727566093765,3.5173484635247396
7.317359496535427,3.520633069437992
7.323582398219043,3.524327433341897
7.3299036169086245,3.527471383011536
7.336255462402458,3.5306169866760873
7.342594930094043,3.534036555002767
7.348870230400562,3.537186837203226
7.355046699827454,3.540438054080962
7.361321921444313,3.5435930323397224
7.367639553766439,3.546931402848404
7.373855877835911,3.55020080658734
7.380033602471124,3.553363926186898
7.386281098637551,3.5565091758937037
7.3923770346359206,3.55965778215308
7.398604614017392,3.5630670892775984
7.404739460577321,3.5662186308064916
7.410900853379096,3.5693732759265764
7.416968328048806,3.572674157452426
7.423046905090732,3.575832875564223
7.429283335164319,3.5789938535222556
7.435375764660091,3.5821315600584422
7.441455788069104,3.585296686173539
7.447510582017766,3.5886357261676625
7.4535848026902825,3.5918061765245635
7.45973154623154,3.594950204958636
7.465833176540332,3.598126822727663
7.471893163934904,3.6012738963092032
7.477885262727028,3.604538441630778
7.484086835504581,3.607688361864508
7.490092779589793,3.61084052931269
7.4962150369285085,3.6140325153675428
7.502243883250072,3.617189314041219
7.508383969119174,3.620348717932484
7.514354247314822,3.6235100925436634
7.520340576915355,3.6266734965234
7.526353751270563,3.6297935413828912
7.532439294304281,3.6329600748732584
7.538479623704631,3.6361281319467254
7.544511484657509,3.6393008001340497
7.55050606747324,3.6424755877964587
7.556499882483687,3.645653721686502
7.562533341615641,3.6487756076209616
7.56860574493985,3.651959108333594
7.574588739665475,3.6551439738162257
7.580469473136074,3.658267450926093
7.586612571603529,3.6614594915811196
7.592645467064906,3.6645833332750444
7.5985800856124435,3.667781018167617
7.604550502079357,3.670980662551772
7.610544714128969,3.6741073149415473
7.61659859620716,3.677313848523556
7.622585682774529,3.680442826751228
7.628466497955584,3.6836576807253114
7.634483576535658,3.6867852104191496
7.640470425145307,3.6900087537822146
7.646351639581987,3.6931416686363234
7.652269744719155,3.6962708200087047
7.658347788187504,3.6995023755663317
7.66432002025182,3.7026357205019123
7.6702087967190655,3.7058823966314063
7.676070509657547,3.7090145029314874
7.681953968979111,3.7121475806875344
7.687827116663913,3.7154066785731845
7.693716291557665,3.71854137754031
7.699612177272158,3.721675984248753
7.7055149245559855,3.724811429289131
7.711328864094666,3.728088257971312
7.717185902353958,3.731223472844074
7.723014965573558,3.7343591160054173
7.728844300039294,3.7376649347740347
7.734617814535452,3.7408055786924272
7.740527118622434,3.7439403294928355
7.746295159572997,3.747073155595513
7.752058206868786,3.750214182201087
7.758037559000023,3.753550655685832
7.763788654069309,3.7566933414007244
7.769510332495445,3.759827142083481
7.775424527808986,3.762971104358993
7.781332534854472,3.7661103585935845
7.7870785370203155,3.7693662786293447
7.792788927795163,3.7725072314085497
7.798691522687067,3.775649052863157
7.804523930177319,3.7787961908240058
7.810350922004774,3.7819346486944596
7.816116073083908,3.785082849995012
7.82192105877365,3.7882231566569584
7.827782412014737,3.791364527882465
7.83357239115464,3.79452168305739
7.839374356745053,3.797670214488036
7.845255127952261,3.8008021992988272
7.850963240321605,3.803951146619238
7.856791103952502,3.8071012964588915
7.862502481313361,3.810255187260508
7.868287261654845,3.81338991603707
7.874070775905099,3.816552626967027
7.879883359007793,3.8196934980281694
7.8856270594650955,3.8228343582931394
7.891407298683761,3.8259811430377666
7.897138459995078,3.829149348113937
7.9028626692733175,3.832302934569365
7.908644470482492,3.8354556238813373
7.914495427983168,3.83860432199814
7.920189071726948,3.841734492506203
7.925909935873197,3.8449024860511396
7.93165713655072,3.8480602628290734
7.937443065397357,3.851219099423235
7.943203110495375,3.8543610949374996
7.948906067800964,3.8575162528339697
7.954655419968429,3.8606604726966145
7.960308097148058,3.863835436171685
7.966104775096633,3.8669696780730742
7.971903311869765,3.87015701706751
7.977585589324972,3.873297640205736
7.98326370471999,3.8764446432467983
7.9889917536649,3.879591234138048
7.994794829237411,3.882792549273093
8.000476057731271,3.885943407657649
8.006199069061243,3.8890996533872904
8.011944276387627,3.8922406984596916
8.017608667450784,3.8954007206613723
8.023386046792726,3.898568929637138
8.029020849356382,3.901744007653444
8.03477288120675,3.9048916753597633
8.040442943510294,3.9080647673554085
8.0460576231886,3.91122252815216
8.051831827305953,3.9143586812740567
8.057417637093804,3.917519405375844
8.06323012007839,3.9207126778247314
8.068862467799047,3.9238747620647394
8.074486258443102,3.9269985951867925
8.080159476213645,3.930196529545829
8.085902921819114,3.9333721209012658
8.09145551716095,3.93655871302362
8.097171501784475,3.939683740542335
8.102790070383934,3.9428717594055334
8.108500692590724,3.946003997092328
8.11408712361649,3.9491965598495793
8.119730449008696,3.9523293706329983
8.125383347118644,3.955530988332903
8.131042940160771,3.9587418644767873
8.136638473645682,3.961882997494192
8.142405960414028,3.9651026563238956
8.148044971078177,3.9682031601261447
8.153647833630508,3.9713372385582093
8.159240965287994,3.9745777014073216
8.164912900413103,3.977725306376797
8.170637375490175,3.980907488595334
8.176278677753292,3.9840651888076377
8.18189790371461,3.9872275139284024
8.187473505357014,3.9904224212157273
8.193239448261108,3.9935849166169417
8.198875548617332,3.996795211881669
8.204473966854582,3.99996733881662
8.210067748613284,4.003061176003549
8.215790443531667,4.00623771721758
8.221395159268958,4.0094672089915955
8.22696822853785,4.012659537930143
8.232548584097263,4.015747904704617
8.238236445973296,4.019073577419089
8.243902885704534,4.022176705447697
8.249401699850916,4.025375078432652
8.255120614136072,4.02847435277527
8.260634968447357,4.031737062521353
8.266228190666395,4.034954183970099
8.271859123963788,4.038056862187552
8.277534728749703,4.041259730064998
8.283132079745348,4.04438191584898
8.288717315051276,4.047666092023005
8.294188110994662,4.050901291134551
8.299900216247888,4.0539904853808535
8.305509803803082,4.057121776093196
8.311089359670312,4.060214144946823
8.316554898262412,4.063476056479882
8.32206120984553,4.066678862874385
8.327796811027731,4.069808140546776
8.333272886680446,4.072898738480521
8.338788506974094,4.07616378296103
8.344349652614712,4.079276257774203
8.349829558258069,4.082405028637798
8.355398727813816,4.085511231061203
8.360961647470607,4.088831663153281
8.36655747837935,4.091915260520788
8.372010598276988,4.09504366448683
8.377515979273248,4.098152846289307
8.382972523695837,4.1012691549067055
8.388486282575943,4.104373899629145
8.394003477359613,4.107597958128141
8.399614674535169,4.110700590004612
8.40510077795278,4.113830911943804
8.410529017605175,4.116942671780518
8.416024448067066,4.120029027722009
8.421464195828293,4.123169693634362
8.426995904546697,4.126278881475289
8.432511650817922,4.129390486191143
8.437942704466392,4.132468715489748
8.443435064407927,4.135630820778866
8.448862528264929,4.1387377868157404
8.454394809594723,4.141823024443677
8.459807109198866,4.144943574470292
8.465226243334955,4.148102724282592
8.470687798958394,4.151198270257621
8.476100067985264,4.154326980476649
8.481513378382719,4.157418839550278
8.486984722130185,4.16058418201672
8.492375090532224,4.163675192938923
8.497789560766922,4.166819474888155
8.503213328521671,4.1698798829829595
8.508565495721319,4.173047084237009
8.513973347606797,4.17610703190633
8.51940690220917,4.179292177969002
8.524740912698837,4.182354823284528
8.530112041858938,4.1855592773949954
8.535485756239899,4.1886624922537745
8.540836367718587,4.191798009256712
8.546139044031197,4.1948915374578375
8.551547268762342,4.197965477127869
8.556844542345212,4.201190656917982
8.562170338474141,4.204291943654063
8.567490367534226,4.207328510252671
8.572889798868067,4.210594802319588
8.578178595393727,4.213622595876673
8.583496833303357,4.216768543303066
8.588839029723625,4.219916541557255
8.594216172786599,4.223086895714024
8.599495454973757,4.226064743968983
8.604847041701039,4.229208858778229
8.610112331271559,4.232391366374803
8.615400722168415,4.235517163879271
8.620812611368407,4.2385880929017095
8.626116730171104,4.241726993775963
8.631380464020665,4.244950064687314
8.636653754363266,4.248114554354803
8.64193457776498,4.25111771196963
8.647209602734065,4.254393357146635
8.652534740250546,4.257510620191175
8.657860415517957,4.260529044675495
8.663131739576368,4.263825045827985
8.668398248466586,4.266801262494432
8.673710211733153,4.269858404698493
8.67897032710193,4.272992930181376
8.684215301652621,4.276340931461987
8.689552054204656,4.27936167917589
8.694832749903693,4.28253382133961
8.700128528087749,4.2857042850506835
8.705371373379208,4.288617866334459
8.710712589459984,4.291942274023244
8.715996229469356,4.294971470401771
8.721265021140248,4.298188540226254
8.72653049791494,4.301294164090207
8.731804022728737,4.304467467865769
8.737116482342708,4.307470489065984
8.742410875919845,4.310490330763541
8.747637693858367,4.3137965369465965
8.752911439484988,4.316711716686766
8.758173254922909,4.320017662172464
8.763453544272153,4.322949634733148
8.768700709709607,4.325982232923724
8.774005273046308,4.329143637629286
8.779256821118782,4.33228386389491
8.784511003628202,4.3354184866770344
8.789753344068862,4.338482747092068
8.795052748179456,4.341388445599529
8.800315161958114,4.344557619906701
8.805529769720337,4.3476872909113
8.810804446284587,4.350622622334641
8.816059676327576,4.353746344914942
8.821332123260525,4.356878940500009
8.826554275159225,4.359791385851269
8.831768397635038,4.362831886180539
8.837104221392828,4.36588793481591
8.84231830249829,4.368807988635355
8.847556894648513,4.371930117938553
8.852846987461525,4.374982741596959
8.858038629374603,4.377910694258879
8.863341326217842,4.380842868692781
8.868630118964672,4.38377855925605
8.873825734917132,4.386992740633816
8.87910695737597,4.389934275187707
8.884331678535789,4.392866433158764
8.889542209664627,4.395780579867742
8.8947762130614,4.3988874020050375
8.900122210662044,4.401827667528601
8.905332823602045,4.404772143066487
8.910535261644013,4.407683534106191
8.91576325716008,4.410631840903344
8.920967207777524,4.413788257976349
8.926162042548977,4.4167057459042445
8.931394520902893,4.419613550764397
8.93665161541855,4.422543094006617
8.941887896964143,4.4254827577034375
8.947105644509806,4.428312147755552
8.95223235491034,4.431260295438212
8.957446728114665,4.434325125484934
8.962692647603758,4.437159700362159
8.967949771000184,4.440119208700309
8.973081755619969,4.443005383387678
8.978266950558556,4.445897751632002
8.98340373399903,4.448814594648719
8.988752895472079,4.45170946582677
8.993885137984401,4.45460856923359
8.999100141447007,4.457537320086163
9.004289927459336,4.460443374443854
9.009392892658445,4.463352533752601
9.014566110333794,4.466260605793463
9.019831472353998,4.469176331478518
9.025044700741477,4.472092758364955
9.030207011835435,4.475010891063042
9.035342723614498,4.477936719591409
9.040463284630723,4.48078932482351
9.045586419070473,4.483717847622867
9.0507644778217,4.486655901019738
9.05593179876384,4.489595535208507
9.06098901583123,4.492449850756228
9.066059702300727,4.4954036618173605
9.071185681787556,4.498305939579554
9.076294596448758,4.501260211506186
9.081410568453963,4.504125718520233
9.086522120757403,4.507095187262832
9.091651578654542,4.509916407005379
9.0967608153169,4.51288917924574
9.101836902488806,4.515869247220325
9.106867372686253,4.51867473103869
9.112026145188326,4.521636001210291
9.117195701396508,4.524426812262746
9.122286117615722,4.527381340315135
9.12734149130512,4.530238565093399
9.132412806993528,4.533149283224967
9.137554464844929,4.536015057949551
9.142567306845963,4.538926138600074
9.147721810603155,4.54178503004679
9.152850428991595,4.5447300980893415
9.157909755998594,4.54759399329054
9.162936193400308,4.550385379633417
9.168018916327231,4.553400856045105
9.173111953283188,4.556191720217157
9.178124616735714,4.559153539488986
9.183215649133153,4.562036517416989
9.18832916444219,4.564829700458133
9.193346647082203,4.567777335812812
9.198410143382786,4.570669848109498
9.203441463768625,4.573469861765771
9.208423325206452,4.576557012316742
9.213469137577144,4.57935583232398
9.21856402167599,4.582158188707634
9.22365487136923,4.585142047191408
9.228634555510343,4.588063624864667
9.2336580958136,4.5908523580535725
9.23867633717178,4.593658160983428
9.24369663755819,4.596688014334525
9.248704375387733,4.5994835366108004
9.253802930157248,4.602296963720227
9.258795682926971,4.6050831950347835
9.263792298371149,4.608137607905859
9.26877972189829,4.610934207703291
9.273792153892696,4.613725726136105
9.27877476863841,4.6165449738241415
9.283799654043184,4.619339390281286
9.288796037793398,4.622304914002914
9.29382105848361,4.625105574114088
9.298818371571569,4.627905946218208
9.303773415943478,4.630710192942475
9.308691085808597,4.633506905639211
9.31369476243183,4.636514425437789
9.31876490156074,4.639315358541739
9.323710048246056,4.642119016839131
9.328716599651056,4.644902203588616
9.333653412152362,4.647708409471097
9.33867504831457,4.650518257730559
9.34363260128099,4.6534320883973646
9.348643572328111,4.656246952083753
9.353596492563598,4.6590655606454545
9.35853837265248,4.661830323606867
9.363523996112518,4.664652415822342
9.368487344891903,4.667463850032707
9.373418571228793,4.670249351218527
9.37837386714229,4.673064343757379
9.383239398877096,4.675882267499784
9.38828296683458,4.678672732022514
9.39318600913128,4.681495822479207
9.398111988643887,4.684322868060105
9.40298375174572,4.687101652158792
9.40801747258902,4.689932193822215
9.412890314173843,4.69271589596122
9.417856928383712,4.6955319510039555
9.422720521221315,4.69831804306839
9.427698434509148,4.7011559597986
9.432623237787782,4.70392661538458
9.437521486085421,4.706775091606106
9.442435846369246,4.70956413302043
9.447393737173945,4.712397597232702
9.452419846038875,4.715190424607838
9.45723903050059,4.718029310659892
9.462109701246934,4.720805858649266
9.467008201377832,4.7236737063337
9.471994714646973,4.726448677752727
9.476927997489026,4.729226873690018
9.481878001798698,4.732078899758798
9.486758107896105,4.734888606593432
9.491611538436494,4.737669591112213
9.496547983453878,4.740531696633246
9.501524064595717,4.743315195954829
9.506369166590078,4.746186994087671
9.51132300051043,4.7489720171330365
9.516172756907997,4.751758064907624
9.521094527962303,4.754545888842245
9.525977373280458,4.757431718588277
9.530915762478033,4.760224402289417
9.5357181310939,4.763019470672761
9.540670021293472,4.765873712063985
9.545433948622147,4.768675419199918
9.55029342258184,4.7714724301629055
9.555116580809926,4.774272150582997
9.559954128037326,4.777142342250651
9.56480971013015,4.779938816138267
9.569643903352754,4.782748033517894
9.574381092326746,4.785550664535162
9.57920877473604,4.78843985935219
9.58402106557607,4.791248378589506
9.58885632162434,4.794007011126965
9.59358927261307,4.7968173119578115
9.598355153521899,4.799639915675548
9.60315657634926,4.802536231945159
9.607822193484695,4.805358032330813
9.612652155129947,4.808122712426055
9.617373776021159,4.8109438121275945
9.622175871137927,4.813702064751486
9.627016505177975,4.816708305468452
9.631722764353357,4.819465014877822
9.63640059235966,4.822304227016808
9.641132569801247,4.825064586197485
9.645888957780038,4.827906386742478
9.650594630058032,4.830660516766164
9.655438356877585,4.833624335615995
9.660175200466432,4.836478260099256
9.664902481987891,4.839231842563704
9.669676792432744,4.8420053733611255
9.674323946694612,4.844853770709914
9.678982220791365,4.847609994876044
9.683679799228031,4.850387757761351
9.688480879559949,4.853252212297188
9.693119899499514,4.856130266406974
9.697808124829432,4.858893820244975
9.70249043344955,4.861775561669491
9.707252851600094,4.864536162828859
9.71187565639695,4.86730706183543
9.716606856257146,4.870191175594083
9.721235932879853,4.872923721026664
9.725906830163503,4.875652865818901
9.73056107897453,4.878388717468792
9.735162748825902,4.881273598738537
9.739805133752123,4.8840006305473675
9.744483572673706,4.886742827856686
9.749063322201911,4.8894678306147075
9.753772364268196,4.892221154175752
9.758381215990356,4.895115829748037
9.763006053378094,4.897868990400044
9.767656457330101,4.900601974426164
9.772226665056236,4.903334426421622
9.77682433175461,4.906085570454867
9.78146982942338,4.909022361906446
9.78613447529745,4.9117537083775344
9.790668407553587,4.91449360738779
9.795360274340759,4.917225711860302
9.799864311658625,4.919962455860555
9.804402594008486,4.92270655354778
9.80897546876723,4.925475799141385
9.813584902978102,4.928331565936078
9.818142772533234,4.93103773672323
9.822649253531353,4.93378198717599
9.827250739501617,4.936528865874355
9.831838974967386,4.93927617930221
9.836357708965277,4.942015216280276
9.840931980564877,4.944770643091906
9.845487592255212,4.94752999144978
9.849958495474427,4.950280198882133
9.8544993355301,4.9529923876814
9.859084808636757,4.955742159988788
9.86361765424577,4.9585023270178334
9.868163765666413,4.961219540961923
9.87268688665724,4.963970228937651
9.877182707788357,4.966737291044752
9.881743463432796,4.969445737777691
9.886249550260017,4.972218021342988
9.89080908286488,4.974975754870689
9.895292660049382,4.9777109499764896
9.899812714205634,4.9804665940079795
9.904344024323333,4.983179607393229
9.908933976549225,4.9859544215555776
9.913375724139964,4.98873630308099
9.917950389571853,4.991445191423238
9.922377016920636,4.994244704272375
9.926923854673335,4.996958466276872
9.931400162814837,4.999666977011656
9.935882854594894,5.002456137516417
9.940365943414912,5.005177692743352
9.94485386326422,5.007966621299974
9.949347063189341,5.010679257863459
9.953925130460332,5.013477832878991
9.958370409498018,5.016198011522367
9.962825603903005,5.018855168914868
9.96723163583054,5.021609725890393
9.971753849356539,5.024284034491496
9.976237127049348,5.026945806046115
9.980753472020432,5.0296999213498115
9.985190221194777,5.032367743699462
9.989655666930757,5.035049037786942
9.994154150780238,5.037809932398484
9.998580222670276,5.04048279811011
10.002984358572283,5.043141698384917
10.00748675347515,5.045916716833655
10.011856152933419,5.048598453651672
10.016324544754376,5.051266963828234
10.020783919401003,5.053920359263256
10.025169123282923,5.056720053212033
10.029621920017528,5.059391649401922
10.034020790383504,5.062086630322489
10.038380507545801,5.064709597545915
10.042853730078642,5.067536310812624
10.047311983476067,5.070223861802218
10.051658014083285,5.072890148824364
10.056006756669321,5.075558858902316
10.060469163691598,5.078208506823129
10.064760102132054,5.081051051700331
10.069144283781851,5.083701500244583
10.073603036881568,5.086384515930952
10.077879400173195,5.089090611312919
10.082301008779993,5.091727980948249
10.086630920669498,5.094433330684944
10.090996855557888,5.097273122348567
10.09537224376144,5.099971605207777
10.099746257242511,5.102606465849177
10.104127242751145,5.105329685811003
10.108388869142644,5.1079763735513595
10.11275019938757,5.110627014025758
10.117141605973748,5.113448096965094
10.121388072039865,5.116098153043003
10.125838986938476,5.118814072715108
10.13008416827932,5.121434174611131
10.134501735626062,5.12415737646334
10.138849862552252,5.126813037367241
10.14318893850315,5.129473425218445
10.147465205148873,5.1321638484567025
10.15175325605199,5.1348360470347805
10.156189287039703,5.137497718501184
10.16049697855806,5.1401994881044475
10.164761075474441,5.142874102278393
10.169121716855026,5.145546636365673
10.173503827287103,5.148219758527619
10.177791406453986,5.150895413972144
10.182086643416152,5.153577190125161
10.186328529570375,5.156295588909688
10.190623757951482,5.158947746801625
10.194925717655908,5.161577784930986
