FPR,TPR,Threshold
0.0,0.0,"[1.54009098 0.54009098 0.51200371 0.51199236 0.50939935 0.50877552
 0.50735012 0.50587441 0.50510642 0.50390135 0.50352662 0.50350996
 0.50288392 0.50234137 0.50221024 0.5021497  0.50185139 0.50103774
 0.50040621 0.50030596 0.50024791 0.49957663 0.49934049 0.4993226
 0.49930075 0.49910492 0.49907847 0.49907291 0.49905979 0.4988308
 0.49876391 0.49866629 0.49859699 0.49813772 0.49810947 0.49793019
 0.49789024 0.49777267 0.49768337 0.49768183 0.49764563 0.49721992
 0.49720063 0.49664848 0.49664453 0.4964786  0.49645868 0.49640106
 0.49639304 0.49626446 0.49624102 0.49596631 0.49594787 0.49537437
 0.49532092 0.49520291 0.49520252 0.49496705 0.49489759 0.49482204
 0.49475631 0.49464018 0.49461516 0.49458637 0.49452998 0.49452553
 0.49450312 0.49447014 0.49446248 0.49439202 0.49438694 0.49435289
 0.49430785 0.49405612 0.4940424  0.49394277 0.49386214 0.49378967
 0.49365649 0.4935958  0.49359507 0.49349468 0.49323878 0.49322719
 0.49261641 0.49254157 0.49248888 0.49221115 0.49202339 0.49173348
 0.47586842]"
0.004132231404958678,0.0,"[1.54009098 0.54009098 0.51200371 0.51199236 0.50939935 0.50877552
 0.50735012 0.50587441 0.50510642 0.50390135 0.50352662 0.50350996
 0.50288392 0.50234137 0.50221024 0.5021497  0.50185139 0.50103774
 0.50040621 0.50030596 0.50024791 0.49957663 0.49934049 0.4993226
 0.49930075 0.49910492 0.49907847 0.49907291 0.49905979 0.4988308
 0.49876391 0.49866629 0.49859699 0.49813772 0.49810947 0.49793019
 0.49789024 0.49777267 0.49768337 0.49768183 0.49764563 0.49721992
 0.49720063 0.49664848 0.49664453 0.4964786  0.49645868 0.49640106
 0.49639304 0.49626446 0.49624102 0.49596631 0.49594787 0.49537437
 0.49532092 0.49520291 0.49520252 0.49496705 0.49489759 0.49482204
 0.49475631 0.49464018 0.49461516 0.49458637 0.49452998 0.49452553
 0.49450312 0.49447014 0.49446248 0.49439202 0.49438694 0.49435289
 0.49430785 0.49405612 0.4940424  0.49394277 0.49386214 0.49378967
 0.49365649 0.4935958  0.49359507 0.49349468 0.49323878 0.49322719
 0.49261641 0.49254157 0.49248888 0.49221115 0.49202339 0.49173348
 0.47586842]"
0.3512396694214876,0.0,"[1.54009098 0.54009098 0.51200371 0.51199236 0.50939935 0.50877552
 0.50735012 0.50587441 0.50510642 0.50390135 0.50352662 0.50350996
 0.50288392 0.50234137 0.50221024 0.5021497  0.50185139 0.50103774
 0.50040621 0.50030596 0.50024791 0.49957663 0.49934049 0.4993226
 0.49930075 0.49910492 0.49907847 0.49907291 0.49905979 0.4988308
 0.49876391 0.49866629 0.49859699 0.49813772 0.49810947 0.49793019
 0.49789024 0.49777267 0.49768337 0.49768183 0.49764563 0.49721992
 0.49720063 0.49664848 0.49664453 0.4964786  0.49645868 0.49640106
 0.49639304 0.49626446 0.49624102 0.49596631 0.49594787 0.49537437
 0.49532092 0.49520291 0.49520252 0.49496705 0.49489759 0.49482204
 0.49475631 0.49464018 0.49461516 0.49458637 0.49452998 0.49452553
 0.49450312 0.49447014 0.49446248 0.49439202 0.49438694 0.49435289
 0.49430785 0.49405612 0.4940424  0.49394277 0.49386214 0.49378967
 0.49365649 0.4935958  0.49359507 0.49349468 0.49323878 0.49322719
 0.49261641 0.49254157 0.49248888 0.49221115 0.49202339 0.49173348
 0.47586842]"
0.3512396694214876,0.005050505050505051,"[1.54009098 0.54009098 0.51200371 0.51199236 0.50939935 0.50877552
 0.50735012 0.50587441 0.50510642 0.50390135 0.50352662 0.50350996
 0.50288392 0.50234137 0.50221024 0.5021497  0.50185139 0.50103774
 0.50040621 0.50030596 0.50024791 0.49957663 0.49934049 0.4993226
 0.49930075 0.49910492 0.49907847 0.49907291 0.49905979 0.4988308
 0.49876391 0.49866629 0.49859699 0.49813772 0.49810947 0.49793019
 0.49789024 0.49777267 0.49768337 0.49768183 0.49764563 0.49721992
 0.49720063 0.49664848 0.49664453 0.4964786  0.49645868 0.49640106
 0.49639304 0.49626446 0.49624102 0.49596631 0.49594787 0.49537437
 0.49532092 0.49520291 0.49520252 0.49496705 0.49489759 0.49482204
 0.49475631 0.49464018 0.49461516 0.49458637 0.49452998 0.49452553
 0.49450312 0.49447014 0.49446248 0.49439202 0.49438694 0.49435289
 0.49430785 0.49405612 0.4940424  0.49394277 0.49386214 0.49378967
 0.49365649 0.4935958  0.49359507 0.49349468 0.49323878 0.49322719
 0.49261641 0.49254157 0.49248888 0.49221115 0.49202339 0.49173348
 0.47586842]"
0.3925619834710744,0.005050505050505051,"[1.54009098 0.54009098 0.51200371 0.51199236 0.50939935 0.50877552
 0.50735012 0.50587441 0.50510642 0.50390135 0.50352662 0.50350996
 0.50288392 0.50234137 0.50221024 0.5021497  0.50185139 0.50103774
 0.50040621 0.50030596 0.50024791 0.49957663 0.49934049 0.4993226
 0.49930075 0.49910492 0.49907847 0.49907291 0.49905979 0.4988308
 0.49876391 0.49866629 0.49859699 0.49813772 0.49810947 0.49793019
 0.49789024 0.49777267 0.49768337 0.49768183 0.49764563 0.49721992
 0.49720063 0.49664848 0.49664453 0.4964786  0.49645868 0.49640106
 0.49639304 0.49626446 0.49624102 0.49596631 0.49594787 0.49537437
 0.49532092 0.49520291 0.49520252 0.49496705 0.49489759 0.49482204
 0.49475631 0.49464018 0.49461516 0.49458637 0.49452998 0.49452553
 0.49450312 0.49447014 0.49446248 0.49439202 0.49438694 0.49435289
 0.49430785 0.49405612 0.4940424  0.49394277 0.49386214 0.49378967
 0.49365649 0.4935958  0.49359507 0.49349468 0.49323878 0.49322719
 0.49261641 0.49254157 0.49248888 0.49221115 0.49202339 0.49173348
 0.47586842]"
0.3925619834710744,0.010101010101010102,"[1.54009098 0.54009098 0.51200371 0.51199236 0.50939935 0.50877552
 0.50735012 0.50587441 0.50510642 0.50390135 0.50352662 0.50350996
 0.50288392 0.50234137 0.50221024 0.5021497  0.50185139 0.50103774
 0.50040621 0.50030596 0.50024791 0.49957663 0.49934049 0.4993226
 0.49930075 0.49910492 0.49907847 0.49907291 0.49905979 0.4988308
 0.49876391 0.49866629 0.49859699 0.49813772 0.49810947 0.49793019
 0.49789024 0.49777267 0.49768337 0.49768183 0.49764563 0.49721992
 0.49720063 0.49664848 0.49664453 0.4964786  0.49645868 0.49640106
 0.49639304 0.49626446 0.49624102 0.49596631 0.49594787 0.49537437
 0.49532092 0.49520291 0.49520252 0.49496705 0.49489759 0.49482204
 0.49475631 0.49464018 0.49461516 0.49458637 0.49452998 0.49452553
 0.49450312 0.49447014 0.49446248 0.49439202 0.49438694 0.49435289
 0.49430785 0.49405612 0.4940424  0.49394277 0.49386214 0.49378967
 0.49365649 0.4935958  0.49359507 0.49349468 0.49323878 0.49322719
 0.49261641 0.49254157 0.49248888 0.49221115 0.49202339 0.49173348
 0.47586842]"
0.4256198347107438,0.010101010101010102,"[1.54009098 0.54009098 0.51200371 0.51199236 0.50939935 0.50877552
 0.50735012 0.50587441 0.50510642 0.50390135 0.50352662 0.50350996
 0.50288392 0.50234137 0.50221024 0.5021497  0.50185139 0.50103774
 0.50040621 0.50030596 0.50024791 0.49957663 0.49934049 0.4993226
 0.49930075 0.49910492 0.49907847 0.49907291 0.49905979 0.4988308
 0.49876391 0.49866629 0.49859699 0.49813772 0.49810947 0.49793019
 0.49789024 0.49777267 0.49768337 0.49768183 0.49764563 0.49721992
 0.49720063 0.49664848 0.49664453 0.4964786  0.49645868 0.49640106
 0.49639304 0.49626446 0.49624102 0.49596631 0.49594787 0.49537437
 0.49532092 0.49520291 0.49520252 0.49496705 0.49489759 0.49482204
 0.49475631 0.49464018 0.49461516 0.49458637 0.49452998 0.49452553
 0.49450312 0.49447014 0.49446248 0.49439202 0.49438694 0.49435289
 0.49430785 0.49405612 0.4940424  0.49394277 0.49386214 0.49378967
 0.49365649 0.4935958  0.49359507 0.49349468 0.49323878 0.49322719
 0.49261641 0.49254157 0.49248888 0.49221115 0.49202339 0.49173348
 0.47586842]"
0.4256198347107438,0.015151515151515152,"[1.54009098 0.54009098 0.51200371 0.51199236 0.50939935 0.50877552
 0.50735012 0.50587441 0.50510642 0.50390135 0.50352662 0.50350996
 0.50288392 0.50234137 0.50221024 0.5021497  0.50185139 0.50103774
 0.50040621 0.50030596 0.50024791 0.49957663 0.49934049 0.4993226
 0.49930075 0.49910492 0.49907847 0.49907291 0.49905979 0.4988308
 0.49876391 0.49866629 0.49859699 0.49813772 0.49810947 0.49793019
 0.49789024 0.49777267 0.49768337 0.49768183 0.49764563 0.49721992
 0.49720063 0.49664848 0.49664453 0.4964786  0.49645868 0.49640106
 0.49639304 0.49626446 0.49624102 0.49596631 0.49594787 0.49537437
 0.49532092 0.49520291 0.49520252 0.49496705 0.49489759 0.49482204
 0.49475631 0.49464018 0.49461516 0.49458637 0.49452998 0.49452553
 0.49450312 0.49447014 0.49446248 0.49439202 0.49438694 0.49435289
 0.49430785 0.49405612 0.4940424  0.49394277 0.49386214 0.49378967
 0.49365649 0.4935958  0.49359507 0.49349468 0.49323878 0.49322719
 0.49261641 0.49254157 0.49248888 0.49221115 0.49202339 0.49173348
 0.47586842]"
0.45454545454545453,0.015151515151515152,"[1.54009098 0.54009098 0.51200371 0.51199236 0.50939935 0.50877552
 0.50735012 0.50587441 0.50510642 0.50390135 0.50352662 0.50350996
 0.50288392 0.50234137 0.50221024 0.5021497  0.50185139 0.50103774
 0.50040621 0.50030596 0.50024791 0.49957663 0.49934049 0.4993226
 0.49930075 0.49910492 0.49907847 0.49907291 0.49905979 0.4988308
 0.49876391 0.49866629 0.49859699 0.49813772 0.49810947 0.49793019
 0.49789024 0.49777267 0.49768337 0.49768183 0.49764563 0.49721992
 0.49720063 0.49664848 0.49664453 0.4964786  0.49645868 0.49640106
 0.49639304 0.49626446 0.49624102 0.49596631 0.49594787 0.49537437
 0.49532092 0.49520291 0.49520252 0.49496705 0.49489759 0.49482204
 0.49475631 0.49464018 0.49461516 0.49458637 0.49452998 0.49452553
 0.49450312 0.49447014 0.49446248 0.49439202 0.49438694 0.49435289
 0.49430785 0.49405612 0.4940424  0.49394277 0.49386214 0.49378967
 0.49365649 0.4935958  0.49359507 0.49349468 0.49323878 0.49322719
 0.49261641 0.49254157 0.49248888 0.49221115 0.49202339 0.49173348
 0.47586842]"
0.45454545454545453,0.030303030303030304,"[1.54009098 0.54009098 0.51200371 0.51199236 0.50939935 0.50877552
 0.50735012 0.50587441 0.50510642 0.50390135 0.50352662 0.50350996
 0.50288392 0.50234137 0.50221024 0.5021497  0.50185139 0.50103774
 0.50040621 0.50030596 0.50024791 0.49957663 0.49934049 0.4993226
 0.49930075 0.49910492 0.49907847 0.49907291 0.49905979 0.4988308
 0.49876391 0.49866629 0.49859699 0.49813772 0.49810947 0.49793019
 0.49789024 0.49777267 0.49768337 0.49768183 0.49764563 0.49721992
 0.49720063 0.49664848 0.49664453 0.4964786  0.49645868 0.49640106
 0.49639304 0.49626446 0.49624102 0.49596631 0.49594787 0.49537437
 0.49532092 0.49520291 0.49520252 0.49496705 0.49489759 0.49482204
 0.49475631 0.49464018 0.49461516 0.49458637 0.49452998 0.49452553
 0.49450312 0.49447014 0.49446248 0.49439202 0.49438694 0.49435289
 0.49430785 0.49405612 0.4940424  0.49394277 0.49386214 0.49378967
 0.49365649 0.4935958  0.49359507 0.49349468 0.49323878 0.49322719
 0.49261641 0.49254157 0.49248888 0.49221115 0.49202339 0.49173348
 0.47586842]"
0.4628099173553719,0.030303030303030304,"[1.54009098 0.54009098 0.51200371 0.51199236 0.50939935 0.50877552
 0.50735012 0.50587441 0.50510642 0.50390135 0.50352662 0.50350996
 0.50288392 0.50234137 0.50221024 0.5021497  0.50185139 0.50103774
 0.50040621 0.50030596 0.50024791 0.49957663 0.49934049 0.4993226
 0.49930075 0.49910492 0.49907847 0.49907291 0.49905979 0.4988308
 0.49876391 0.49866629 0.49859699 0.49813772 0.49810947 0.49793019
 0.49789024 0.49777267 0.49768337 0.49768183 0.49764563 0.49721992
 0.49720063 0.49664848 0.49664453 0.4964786  0.49645868 0.49640106
 0.49639304 0.49626446 0.49624102 0.49596631 0.49594787 0.49537437
 0.49532092 0.49520291 0.49520252 0.49496705 0.49489759 0.49482204
 0.49475631 0.49464018 0.49461516 0.49458637 0.49452998 0.49452553
 0.49450312 0.49447014 0.49446248 0.49439202 0.49438694 0.49435289
 0.49430785 0.49405612 0.4940424  0.49394277 0.49386214 0.49378967
 0.49365649 0.4935958  0.49359507 0.49349468 0.49323878 0.49322719
 0.49261641 0.49254157 0.49248888 0.49221115 0.49202339 0.49173348
 0.47586842]"
0.4628099173553719,0.03535353535353535,"[1.54009098 0.54009098 0.51200371 0.51199236 0.50939935 0.50877552
 0.50735012 0.50587441 0.50510642 0.50390135 0.50352662 0.50350996
 0.50288392 0.50234137 0.50221024 0.5021497  0.50185139 0.50103774
 0.50040621 0.50030596 0.50024791 0.49957663 0.49934049 0.4993226
 0.49930075 0.49910492 0.49907847 0.49907291 0.49905979 0.4988308
 0.49876391 0.49866629 0.49859699 0.49813772 0.49810947 0.49793019
 0.49789024 0.49777267 0.49768337 0.49768183 0.49764563 0.49721992
 0.49720063 0.49664848 0.49664453 0.4964786  0.49645868 0.49640106
 0.49639304 0.49626446 0.49624102 0.49596631 0.49594787 0.49537437
 0.49532092 0.49520291 0.49520252 0.49496705 0.49489759 0.49482204
 0.49475631 0.49464018 0.49461516 0.49458637 0.49452998 0.49452553
 0.49450312 0.49447014 0.49446248 0.49439202 0.49438694 0.49435289
 0.49430785 0.49405612 0.4940424  0.49394277 0.49386214 0.49378967
 0.49365649 0.4935958  0.49359507 0.49349468 0.49323878 0.49322719
 0.49261641 0.49254157 0.49248888 0.49221115 0.49202339 0.49173348
 0.47586842]"
0.47107438016528924,0.03535353535353535,"[1.54009098 0.54009098 0.51200371 0.51199236 0.50939935 0.50877552
 0.50735012 0.50587441 0.50510642 0.50390135 0.50352662 0.50350996
 0.50288392 0.50234137 0.50221024 0.5021497  0.50185139 0.50103774
 0.50040621 0.50030596 0.50024791 0.49957663 0.49934049 0.4993226
 0.49930075 0.49910492 0.49907847 0.49907291 0.49905979 0.4988308
 0.49876391 0.49866629 0.49859699 0.49813772 0.49810947 0.49793019
 0.49789024 0.49777267 0.49768337 0.49768183 0.49764563 0.49721992
 0.49720063 0.49664848 0.49664453 0.4964786  0.49645868 0.49640106
 0.49639304 0.49626446 0.49624102 0.49596631 0.49594787 0.49537437
 0.49532092 0.49520291 0.49520252 0.49496705 0.49489759 0.49482204
 0.49475631 0.49464018 0.49461516 0.49458637 0.49452998 0.49452553
 0.49450312 0.49447014 0.49446248 0.49439202 0.49438694 0.49435289
 0.49430785 0.49405612 0.4940424  0.49394277 0.49386214 0.49378967
 0.49365649 0.4935958  0.49359507 0.49349468 0.49323878 0.49322719
 0.49261641 0.49254157 0.49248888 0.49221115 0.49202339 0.49173348
 0.47586842]"
0.47107438016528924,0.04040404040404041,"[1.54009098 0.54009098 0.51200371 0.51199236 0.50939935 0.50877552
 0.50735012 0.50587441 0.50510642 0.50390135 0.50352662 0.50350996
 0.50288392 0.50234137 0.50221024 0.5021497  0.50185139 0.50103774
 0.50040621 0.50030596 0.50024791 0.49957663 0.49934049 0.4993226
 0.49930075 0.49910492 0.49907847 0.49907291 0.49905979 0.4988308
 0.49876391 0.49866629 0.49859699 0.49813772 0.49810947 0.49793019
 0.49789024 0.49777267 0.49768337 0.49768183 0.49764563 0.49721992
 0.49720063 0.49664848 0.49664453 0.4964786  0.49645868 0.49640106
 0.49639304 0.49626446 0.49624102 0.49596631 0.49594787 0.49537437
 0.49532092 0.49520291 0.49520252 0.49496705 0.49489759 0.49482204
 0.49475631 0.49464018 0.49461516 0.49458637 0.49452998 0.49452553
 0.49450312 0.49447014 0.49446248 0.49439202 0.49438694 0.49435289
 0.49430785 0.49405612 0.4940424  0.49394277 0.49386214 0.49378967
 0.49365649 0.4935958  0.49359507 0.49349468 0.49323878 0.49322719
 0.49261641 0.49254157 0.49248888 0.49221115 0.49202339 0.49173348
 0.47586842]"
0.47520661157024796,0.04040404040404041,"[1.54009098 0.54009098 0.51200371 0.51199236 0.50939935 0.50877552
 0.50735012 0.50587441 0.50510642 0.50390135 0.50352662 0.50350996
 0.50288392 0.50234137 0.50221024 0.5021497  0.50185139 0.50103774
 0.50040621 0.50030596 0.50024791 0.49957663 0.49934049 0.4993226
 0.49930075 0.49910492 0.49907847 0.49907291 0.49905979 0.4988308
 0.49876391 0.49866629 0.49859699 0.49813772 0.49810947 0.49793019
 0.49789024 0.49777267 0.49768337 0.49768183 0.49764563 0.49721992
 0.49720063 0.49664848 0.49664453 0.4964786  0.49645868 0.49640106
 0.49639304 0.49626446 0.49624102 0.49596631 0.49594787 0.49537437
 0.49532092 0.49520291 0.49520252 0.49496705 0.49489759 0.49482204
 0.49475631 0.49464018 0.49461516 0.49458637 0.49452998 0.49452553
 0.49450312 0.49447014 0.49446248 0.49439202 0.49438694 0.49435289
 0.49430785 0.49405612 0.4940424  0.49394277 0.49386214 0.49378967
 0.49365649 0.4935958  0.49359507 0.49349468 0.49323878 0.49322719
 0.49261641 0.49254157 0.49248888 0.49221115 0.49202339 0.49173348
 0.47586842]"
0.47520661157024796,0.045454545454545456,"[1.54009098 0.54009098 0.51200371 0.51199236 0.50939935 0.50877552
 0.50735012 0.50587441 0.50510642 0.50390135 0.50352662 0.50350996
 0.50288392 0.50234137 0.50221024 0.5021497  0.50185139 0.50103774
 0.50040621 0.50030596 0.50024791 0.49957663 0.49934049 0.4993226
 0.49930075 0.49910492 0.49907847 0.49907291 0.49905979 0.4988308
 0.49876391 0.49866629 0.49859699 0.49813772 0.49810947 0.49793019
 0.49789024 0.49777267 0.49768337 0.49768183 0.49764563 0.49721992
 0.49720063 0.49664848 0.49664453 0.4964786  0.49645868 0.49640106
 0.49639304 0.49626446 0.49624102 0.49596631 0.49594787 0.49537437
 0.49532092 0.49520291 0.49520252 0.49496705 0.49489759 0.49482204
 0.49475631 0.49464018 0.49461516 0.49458637 0.49452998 0.49452553
 0.49450312 0.49447014 0.49446248 0.49439202 0.49438694 0.49435289
 0.49430785 0.49405612 0.4940424  0.49394277 0.49386214 0.49378967
 0.49365649 0.4935958  0.49359507 0.49349468 0.49323878 0.49322719
 0.49261641 0.49254157 0.49248888 0.49221115 0.49202339 0.49173348
 0.47586842]"
0.48760330578512395,0.045454545454545456,"[1.54009098 0.54009098 0.51200371 0.51199236 0.50939935 0.50877552
 0.50735012 0.50587441 0.50510642 0.50390135 0.50352662 0.50350996
 0.50288392 0.50234137 0.50221024 0.5021497  0.50185139 0.50103774
 0.50040621 0.50030596 0.50024791 0.49957663 0.49934049 0.4993226
 0.49930075 0.49910492 0.49907847 0.49907291 0.49905979 0.4988308
 0.49876391 0.49866629 0.49859699 0.49813772 0.49810947 0.49793019
 0.49789024 0.49777267 0.49768337 0.49768183 0.49764563 0.49721992
 0.49720063 0.49664848 0.49664453 0.4964786  0.49645868 0.49640106
 0.49639304 0.49626446 0.49624102 0.49596631 0.49594787 0.49537437
 0.49532092 0.49520291 0.49520252 0.49496705 0.49489759 0.49482204
 0.49475631 0.49464018 0.49461516 0.49458637 0.49452998 0.49452553
 0.49450312 0.49447014 0.49446248 0.49439202 0.49438694 0.49435289
 0.49430785 0.49405612 0.4940424  0.49394277 0.49386214 0.49378967
 0.49365649 0.4935958  0.49359507 0.49349468 0.49323878 0.49322719
 0.49261641 0.49254157 0.49248888 0.49221115 0.49202339 0.49173348
 0.47586842]"
0.48760330578512395,0.06565656565656566,"[1.54009098 0.54009098 0.51200371 0.51199236 0.50939935 0.50877552
 0.50735012 0.50587441 0.50510642 0.50390135 0.50352662 0.50350996
 0.50288392 0.50234137 0.50221024 0.5021497  0.50185139 0.50103774
 0.50040621 0.50030596 0.50024791 0.49957663 0.49934049 0.4993226
 0.49930075 0.49910492 0.49907847 0.49907291 0.49905979 0.4988308
 0.49876391 0.49866629 0.49859699 0.49813772 0.49810947 0.49793019
 0.49789024 0.49777267 0.49768337 0.49768183 0.49764563 0.49721992
 0.49720063 0.49664848 0.49664453 0.4964786  0.49645868 0.49640106
 0.49639304 0.49626446 0.49624102 0.49596631 0.49594787 0.49537437
 0.49532092 0.49520291 0.49520252 0.49496705 0.49489759 0.49482204
 0.49475631 0.49464018 0.49461516 0.49458637 0.49452998 0.49452553
 0.49450312 0.49447014 0.49446248 0.49439202 0.49438694 0.49435289
 0.49430785 0.49405612 0.4940424  0.49394277 0.49386214 0.49378967
 0.49365649 0.4935958  0.49359507 0.49349468 0.49323878 0.49322719
 0.49261641 0.49254157 0.49248888 0.49221115 0.49202339 0.49173348
 0.47586842]"
0.5041322314049587,0.06565656565656566,"[1.54009098 0.54009098 0.51200371 0.51199236 0.50939935 0.50877552
 0.50735012 0.50587441 0.50510642 0.50390135 0.50352662 0.50350996
 0.50288392 0.50234137 0.50221024 0.5021497  0.50185139 0.50103774
 0.50040621 0.50030596 0.50024791 0.49957663 0.49934049 0.4993226
 0.49930075 0.49910492 0.49907847 0.49907291 0.49905979 0.4988308
 0.49876391 0.49866629 0.49859699 0.49813772 0.49810947 0.49793019
 0.49789024 0.49777267 0.49768337 0.49768183 0.49764563 0.49721992
 0.49720063 0.49664848 0.49664453 0.4964786  0.49645868 0.49640106
 0.49639304 0.49626446 0.49624102 0.49596631 0.49594787 0.49537437
 0.49532092 0.49520291 0.49520252 0.49496705 0.49489759 0.49482204
 0.49475631 0.49464018 0.49461516 0.49458637 0.49452998 0.49452553
 0.49450312 0.49447014 0.49446248 0.49439202 0.49438694 0.49435289
 0.49430785 0.49405612 0.4940424  0.49394277 0.49386214 0.49378967
 0.49365649 0.4935958  0.49359507 0.49349468 0.49323878 0.49322719
 0.49261641 0.49254157 0.49248888 0.49221115 0.49202339 0.49173348
 0.47586842]"
0.5041322314049587,0.0707070707070707,"[1.54009098 0.54009098 0.51200371 0.51199236 0.50939935 0.50877552
 0.50735012 0.50587441 0.50510642 0.50390135 0.50352662 0.50350996
 0.50288392 0.50234137 0.50221024 0.5021497  0.50185139 0.50103774
 0.50040621 0.50030596 0.50024791 0.49957663 0.49934049 0.4993226
 0.49930075 0.49910492 0.49907847 0.49907291 0.49905979 0.4988308
 0.49876391 0.49866629 0.49859699 0.49813772 0.49810947 0.49793019
 0.49789024 0.49777267 0.49768337 0.49768183 0.49764563 0.49721992
 0.49720063 0.49664848 0.49664453 0.4964786  0.49645868 0.49640106
 0.49639304 0.49626446 0.49624102 0.49596631 0.49594787 0.49537437
 0.49532092 0.49520291 0.49520252 0.49496705 0.49489759 0.49482204
 0.49475631 0.49464018 0.49461516 0.49458637 0.49452998 0.49452553
 0.49450312 0.49447014 0.49446248 0.49439202 0.49438694 0.49435289
 0.49430785 0.49405612 0.4940424  0.49394277 0.49386214 0.49378967
 0.49365649 0.4935958  0.49359507 0.49349468 0.49323878 0.49322719
 0.49261641 0.49254157 0.49248888 0.49221115 0.49202339 0.49173348
 0.47586842]"
0.5082644628099173,0.0707070707070707,"[1.54009098 0.54009098 0.51200371 0.51199236 0.50939935 0.50877552
 0.50735012 0.50587441 0.50510642 0.50390135 0.50352662 0.50350996
 0.50288392 0.50234137 0.50221024 0.5021497  0.50185139 0.50103774
 0.50040621 0.50030596 0.50024791 0.49957663 0.49934049 0.4993226
 0.49930075 0.49910492 0.49907847 0.49907291 0.49905979 0.4988308
 0.49876391 0.49866629 0.49859699 0.49813772 0.49810947 0.49793019
 0.49789024 0.49777267 0.49768337 0.49768183 0.49764563 0.49721992
 0.49720063 0.49664848 0.49664453 0.4964786  0.49645868 0.49640106
 0.49639304 0.49626446 0.49624102 0.49596631 0.49594787 0.49537437
 0.49532092 0.49520291 0.49520252 0.49496705 0.49489759 0.49482204
 0.49475631 0.49464018 0.49461516 0.49458637 0.49452998 0.49452553
 0.49450312 0.49447014 0.49446248 0.49439202 0.49438694 0.49435289
 0.49430785 0.49405612 0.4940424  0.49394277 0.49386214 0.49378967
 0.49365649 0.4935958  0.49359507 0.49349468 0.49323878 0.49322719
 0.49261641 0.49254157 0.49248888 0.49221115 0.49202339 0.49173348
 0.47586842]"
0.5082644628099173,0.1111111111111111,"[1.54009098 0.54009098 0.51200371 0.51199236 0.50939935 0.50877552
 0.50735012 0.50587441 0.50510642 0.50390135 0.50352662 0.50350996
 0.50288392 0.50234137 0.50221024 0.5021497  0.50185139 0.50103774
 0.50040621 0.50030596 0.50024791 0.49957663 0.49934049 0.4993226
 0.49930075 0.49910492 0.49907847 0.49907291 0.49905979 0.4988308
 0.49876391 0.49866629 0.49859699 0.49813772 0.49810947 0.49793019
 0.49789024 0.49777267 0.49768337 0.49768183 0.49764563 0.49721992
 0.49720063 0.49664848 0.49664453 0.4964786  0.49645868 0.49640106
 0.49639304 0.49626446 0.49624102 0.49596631 0.49594787 0.49537437
 0.49532092 0.49520291 0.49520252 0.49496705 0.49489759 0.49482204
 0.49475631 0.49464018 0.49461516 0.49458637 0.49452998 0.49452553
 0.49450312 0.49447014 0.49446248 0.49439202 0.49438694 0.49435289
 0.49430785 0.49405612 0.4940424  0.49394277 0.49386214 0.49378967
 0.49365649 0.4935958  0.49359507 0.49349468 0.49323878 0.49322719
 0.49261641 0.49254157 0.49248888 0.49221115 0.49202339 0.49173348
 0.47586842]"
0.512396694214876,0.1111111111111111,"[1.54009098 0.54009098 0.51200371 0.51199236 0.50939935 0.50877552
 0.50735012 0.50587441 0.50510642 0.50390135 0.50352662 0.50350996
 0.50288392 0.50234137 0.50221024 0.5021497  0.50185139 0.50103774
 0.50040621 0.50030596 0.50024791 0.49957663 0.49934049 0.4993226
 0.49930075 0.49910492 0.49907847 0.49907291 0.49905979 0.4988308
 0.49876391 0.49866629 0.49859699 0.49813772 0.49810947 0.49793019
 0.49789024 0.49777267 0.49768337 0.49768183 0.49764563 0.49721992
 0.49720063 0.49664848 0.49664453 0.4964786  0.49645868 0.49640106
 0.49639304 0.49626446 0.49624102 0.49596631 0.49594787 0.49537437
 0.49532092 0.49520291 0.49520252 0.49496705 0.49489759 0.49482204
 0.49475631 0.49464018 0.49461516 0.49458637 0.49452998 0.49452553
 0.49450312 0.49447014 0.49446248 0.49439202 0.49438694 0.49435289
 0.49430785 0.49405612 0.4940424  0.49394277 0.49386214 0.49378967
 0.49365649 0.4935958  0.49359507 0.49349468 0.49323878 0.49322719
 0.49261641 0.49254157 0.49248888 0.49221115 0.49202339 0.49173348
 0.47586842]"
0.512396694214876,0.11616161616161616,"[1.54009098 0.54009098 0.51200371 0.51199236 0.50939935 0.50877552
 0.50735012 0.50587441 0.50510642 0.50390135 0.50352662 0.50350996
 0.50288392 0.50234137 0.50221024 0.5021497  0.50185139 0.50103774
 0.50040621 0.50030596 0.50024791 0.49957663 0.49934049 0.4993226
 0.49930075 0.49910492 0.49907847 0.49907291 0.49905979 0.4988308
 0.49876391 0.49866629 0.49859699 0.49813772 0.49810947 0.49793019
 0.49789024 0.49777267 0.49768337 0.49768183 0.49764563 0.49721992
 0.49720063 0.49664848 0.49664453 0.4964786  0.49645868 0.49640106
 0.49639304 0.49626446 0.49624102 0.49596631 0.49594787 0.49537437
 0.49532092 0.49520291 0.49520252 0.49496705 0.49489759 0.49482204
 0.49475631 0.49464018 0.49461516 0.49458637 0.49452998 0.49452553
 0.49450312 0.49447014 0.49446248 0.49439202 0.49438694 0.49435289
 0.49430785 0.49405612 0.4940424  0.49394277 0.49386214 0.49378967
 0.49365649 0.4935958  0.49359507 0.49349468 0.49323878 0.49322719
 0.49261641 0.49254157 0.49248888 0.49221115 0.49202339 0.49173348
 0.47586842]"
0.5165289256198347,0.11616161616161616,"[1.54009098 0.54009098 0.51200371 0.51199236 0.50939935 0.50877552
 0.50735012 0.50587441 0.50510642 0.50390135 0.50352662 0.50350996
 0.50288392 0.50234137 0.50221024 0.5021497  0.50185139 0.50103774
 0.50040621 0.50030596 0.50024791 0.49957663 0.49934049 0.4993226
 0.49930075 0.49910492 0.49907847 0.49907291 0.49905979 0.4988308
 0.49876391 0.49866629 0.49859699 0.49813772 0.49810947 0.49793019
 0.49789024 0.49777267 0.49768337 0.49768183 0.49764563 0.49721992
 0.49720063 0.49664848 0.49664453 0.4964786  0.49645868 0.49640106
 0.49639304 0.49626446 0.49624102 0.49596631 0.49594787 0.49537437
 0.49532092 0.49520291 0.49520252 0.49496705 0.49489759 0.49482204
 0.49475631 0.49464018 0.49461516 0.49458637 0.49452998 0.49452553
 0.49450312 0.49447014 0.49446248 0.49439202 0.49438694 0.49435289
 0.49430785 0.49405612 0.4940424  0.49394277 0.49386214 0.49378967
 0.49365649 0.4935958  0.49359507 0.49349468 0.49323878 0.49322719
 0.49261641 0.49254157 0.49248888 0.49221115 0.49202339 0.49173348
 0.47586842]"
0.5165289256198347,0.13131313131313133,"[1.54009098 0.54009098 0.51200371 0.51199236 0.50939935 0.50877552
 0.50735012 0.50587441 0.50510642 0.50390135 0.50352662 0.50350996
 0.50288392 0.50234137 0.50221024 0.5021497  0.50185139 0.50103774
 0.50040621 0.50030596 0.50024791 0.49957663 0.49934049 0.4993226
 0.49930075 0.49910492 0.49907847 0.49907291 0.49905979 0.4988308
 0.49876391 0.49866629 0.49859699 0.49813772 0.49810947 0.49793019
 0.49789024 0.49777267 0.49768337 0.49768183 0.49764563 0.49721992
 0.49720063 0.49664848 0.49664453 0.4964786  0.49645868 0.49640106
 0.49639304 0.49626446 0.49624102 0.49596631 0.49594787 0.49537437
 0.49532092 0.49520291 0.49520252 0.49496705 0.49489759 0.49482204
 0.49475631 0.49464018 0.49461516 0.49458637 0.49452998 0.49452553
 0.49450312 0.49447014 0.49446248 0.49439202 0.49438694 0.49435289
 0.49430785 0.49405612 0.4940424  0.49394277 0.49386214 0.49378967
 0.49365649 0.4935958  0.49359507 0.49349468 0.49323878 0.49322719
 0.49261641 0.49254157 0.49248888 0.49221115 0.49202339 0.49173348
 0.47586842]"
0.5206611570247934,0.13131313131313133,"[1.54009098 0.54009098 0.51200371 0.51199236 0.50939935 0.50877552
 0.50735012 0.50587441 0.50510642 0.50390135 0.50352662 0.50350996
 0.50288392 0.50234137 0.50221024 0.5021497  0.50185139 0.50103774
 0.50040621 0.50030596 0.50024791 0.49957663 0.49934049 0.4993226
 0.49930075 0.49910492 0.49907847 0.49907291 0.49905979 0.4988308
 0.49876391 0.49866629 0.49859699 0.49813772 0.49810947 0.49793019
 0.49789024 0.49777267 0.49768337 0.49768183 0.49764563 0.49721992
 0.49720063 0.49664848 0.49664453 0.4964786  0.49645868 0.49640106
 0.49639304 0.49626446 0.49624102 0.49596631 0.49594787 0.49537437
 0.49532092 0.49520291 0.49520252 0.49496705 0.49489759 0.49482204
 0.49475631 0.49464018 0.49461516 0.49458637 0.49452998 0.49452553
 0.49450312 0.49447014 0.49446248 0.49439202 0.49438694 0.49435289
 0.49430785 0.49405612 0.4940424  0.49394277 0.49386214 0.49378967
 0.49365649 0.4935958  0.49359507 0.49349468 0.49323878 0.49322719
 0.49261641 0.49254157 0.49248888 0.49221115 0.49202339 0.49173348
 0.47586842]"
0.5206611570247934,0.13636363636363635,"[1.54009098 0.54009098 0.51200371 0.51199236 0.50939935 0.50877552
 0.50735012 0.50587441 0.50510642 0.50390135 0.50352662 0.50350996
 0.50288392 0.50234137 0.50221024 0.5021497  0.50185139 0.50103774
 0.50040621 0.50030596 0.50024791 0.49957663 0.49934049 0.4993226
 0.49930075 0.49910492 0.49907847 0.49907291 0.49905979 0.4988308
 0.49876391 0.49866629 0.49859699 0.49813772 0.49810947 0.49793019
 0.49789024 0.49777267 0.49768337 0.49768183 0.49764563 0.49721992
 0.49720063 0.49664848 0.49664453 0.4964786  0.49645868 0.49640106
 0.49639304 0.49626446 0.49624102 0.49596631 0.49594787 0.49537437
 0.49532092 0.49520291 0.49520252 0.49496705 0.49489759 0.49482204
 0.49475631 0.49464018 0.49461516 0.49458637 0.49452998 0.49452553
 0.49450312 0.49447014 0.49446248 0.49439202 0.49438694 0.49435289
 0.49430785 0.49405612 0.4940424  0.49394277 0.49386214 0.49378967
 0.49365649 0.4935958  0.49359507 0.49349468 0.49323878 0.49322719
 0.49261641 0.49254157 0.49248888 0.49221115 0.49202339 0.49173348
 0.47586842]"
0.5289256198347108,0.13636363636363635,"[1.54009098 0.54009098 0.51200371 0.51199236 0.50939935 0.50877552
 0.50735012 0.50587441 0.50510642 0.50390135 0.50352662 0.50350996
 0.50288392 0.50234137 0.50221024 0.5021497  0.50185139 0.50103774
 0.50040621 0.50030596 0.50024791 0.49957663 0.49934049 0.4993226
 0.49930075 0.49910492 0.49907847 0.49907291 0.49905979 0.4988308
 0.49876391 0.49866629 0.49859699 0.49813772 0.49810947 0.49793019
 0.49789024 0.49777267 0.49768337 0.49768183 0.49764563 0.49721992
 0.49720063 0.49664848 0.49664453 0.4964786  0.49645868 0.49640106
 0.49639304 0.49626446 0.49624102 0.49596631 0.49594787 0.49537437
 0.49532092 0.49520291 0.49520252 0.49496705 0.49489759 0.49482204
 0.49475631 0.49464018 0.49461516 0.49458637 0.49452998 0.49452553
 0.49450312 0.49447014 0.49446248 0.49439202 0.49438694 0.49435289
 0.49430785 0.49405612 0.4940424  0.49394277 0.49386214 0.49378967
 0.49365649 0.4935958  0.49359507 0.49349468 0.49323878 0.49322719
 0.49261641 0.49254157 0.49248888 0.49221115 0.49202339 0.49173348
 0.47586842]"
0.5289256198347108,0.15656565656565657,"[1.54009098 0.54009098 0.51200371 0.51199236 0.50939935 0.50877552
 0.50735012 0.50587441 0.50510642 0.50390135 0.50352662 0.50350996
 0.50288392 0.50234137 0.50221024 0.5021497  0.50185139 0.50103774
 0.50040621 0.50030596 0.50024791 0.49957663 0.49934049 0.4993226
 0.49930075 0.49910492 0.49907847 0.49907291 0.49905979 0.4988308
 0.49876391 0.49866629 0.49859699 0.49813772 0.49810947 0.49793019
 0.49789024 0.49777267 0.49768337 0.49768183 0.49764563 0.49721992
 0.49720063 0.49664848 0.49664453 0.4964786  0.49645868 0.49640106
 0.49639304 0.49626446 0.49624102 0.49596631 0.49594787 0.49537437
 0.49532092 0.49520291 0.49520252 0.49496705 0.49489759 0.49482204
 0.49475631 0.49464018 0.49461516 0.49458637 0.49452998 0.49452553
 0.49450312 0.49447014 0.49446248 0.49439202 0.49438694 0.49435289
 0.49430785 0.49405612 0.4940424  0.49394277 0.49386214 0.49378967
 0.49365649 0.4935958  0.49359507 0.49349468 0.49323878 0.49322719
 0.49261641 0.49254157 0.49248888 0.49221115 0.49202339 0.49173348
 0.47586842]"
0.5330578512396694,0.15656565656565657,"[1.54009098 0.54009098 0.51200371 0.51199236 0.50939935 0.50877552
 0.50735012 0.50587441 0.50510642 0.50390135 0.50352662 0.50350996
 0.50288392 0.50234137 0.50221024 0.5021497  0.50185139 0.50103774
 0.50040621 0.50030596 0.50024791 0.49957663 0.49934049 0.4993226
 0.49930075 0.49910492 0.49907847 0.49907291 0.49905979 0.4988308
 0.49876391 0.49866629 0.49859699 0.49813772 0.49810947 0.49793019
 0.49789024 0.49777267 0.49768337 0.49768183 0.49764563 0.49721992
 0.49720063 0.49664848 0.49664453 0.4964786  0.49645868 0.49640106
 0.49639304 0.49626446 0.49624102 0.49596631 0.49594787 0.49537437
 0.49532092 0.49520291 0.49520252 0.49496705 0.49489759 0.49482204
 0.49475631 0.49464018 0.49461516 0.49458637 0.49452998 0.49452553
 0.49450312 0.49447014 0.49446248 0.49439202 0.49438694 0.49435289
 0.49430785 0.49405612 0.4940424  0.49394277 0.49386214 0.49378967
 0.49365649 0.4935958  0.49359507 0.49349468 0.49323878 0.49322719
 0.49261641 0.49254157 0.49248888 0.49221115 0.49202339 0.49173348
 0.47586842]"
0.5330578512396694,0.16666666666666666,"[1.54009098 0.54009098 0.51200371 0.51199236 0.50939935 0.50877552
 0.50735012 0.50587441 0.50510642 0.50390135 0.50352662 0.50350996
 0.50288392 0.50234137 0.50221024 0.5021497  0.50185139 0.50103774
 0.50040621 0.50030596 0.50024791 0.49957663 0.49934049 0.4993226
 0.49930075 0.49910492 0.49907847 0.49907291 0.49905979 0.4988308
 0.49876391 0.49866629 0.49859699 0.49813772 0.49810947 0.49793019
 0.49789024 0.49777267 0.49768337 0.49768183 0.49764563 0.49721992
 0.49720063 0.49664848 0.49664453 0.4964786  0.49645868 0.49640106
 0.49639304 0.49626446 0.49624102 0.49596631 0.49594787 0.49537437
 0.49532092 0.49520291 0.49520252 0.49496705 0.49489759 0.49482204
 0.49475631 0.49464018 0.49461516 0.49458637 0.49452998 0.49452553
 0.49450312 0.49447014 0.49446248 0.49439202 0.49438694 0.49435289
 0.49430785 0.49405612 0.4940424  0.49394277 0.49386214 0.49378967
 0.49365649 0.4935958  0.49359507 0.49349468 0.49323878 0.49322719
 0.49261641 0.49254157 0.49248888 0.49221115 0.49202339 0.49173348
 0.47586842]"
0.5454545454545454,0.16666666666666666,"[1.54009098 0.54009098 0.51200371 0.51199236 0.50939935 0.50877552
 0.50735012 0.50587441 0.50510642 0.50390135 0.50352662 0.50350996
 0.50288392 0.50234137 0.50221024 0.5021497  0.50185139 0.50103774
 0.50040621 0.50030596 0.50024791 0.49957663 0.49934049 0.4993226
 0.49930075 0.49910492 0.49907847 0.49907291 0.49905979 0.4988308
 0.49876391 0.49866629 0.49859699 0.49813772 0.49810947 0.49793019
 0.49789024 0.49777267 0.49768337 0.49768183 0.49764563 0.49721992
 0.49720063 0.49664848 0.49664453 0.4964786  0.49645868 0.49640106
 0.49639304 0.49626446 0.49624102 0.49596631 0.49594787 0.49537437
 0.49532092 0.49520291 0.49520252 0.49496705 0.49489759 0.49482204
 0.49475631 0.49464018 0.49461516 0.49458637 0.49452998 0.49452553
 0.49450312 0.49447014 0.49446248 0.49439202 0.49438694 0.49435289
 0.49430785 0.49405612 0.4940424  0.49394277 0.49386214 0.49378967
 0.49365649 0.4935958  0.49359507 0.49349468 0.49323878 0.49322719
 0.49261641 0.49254157 0.49248888 0.49221115 0.49202339 0.49173348
 0.47586842]"
0.5454545454545454,0.21717171717171718,"[1.54009098 0.54009098 0.51200371 0.51199236 0.50939935 0.50877552
 0.50735012 0.50587441 0.50510642 0.50390135 0.50352662 0.50350996
 0.50288392 0.50234137 0.50221024 0.5021497  0.50185139 0.50103774
 0.50040621 0.50030596 0.50024791 0.49957663 0.49934049 0.4993226
 0.49930075 0.49910492 0.49907847 0.49907291 0.49905979 0.4988308
 0.49876391 0.49866629 0.49859699 0.49813772 0.49810947 0.49793019
 0.49789024 0.49777267 0.49768337 0.49768183 0.49764563 0.49721992
 0.49720063 0.49664848 0.49664453 0.4964786  0.49645868 0.49640106
 0.49639304 0.49626446 0.49624102 0.49596631 0.49594787 0.49537437
 0.49532092 0.49520291 0.49520252 0.49496705 0.49489759 0.49482204
 0.49475631 0.49464018 0.49461516 0.49458637 0.49452998 0.49452553
 0.49450312 0.49447014 0.49446248 0.49439202 0.49438694 0.49435289
 0.49430785 0.49405612 0.4940424  0.49394277 0.49386214 0.49378967
 0.49365649 0.4935958  0.49359507 0.49349468 0.49323878 0.49322719
 0.49261641 0.49254157 0.49248888 0.49221115 0.49202339 0.49173348
 0.47586842]"
0.5495867768595041,0.21717171717171718,"[1.54009098 0.54009098 0.51200371 0.51199236 0.50939935 0.50877552
 0.50735012 0.50587441 0.50510642 0.50390135 0.50352662 0.50350996
 0.50288392 0.50234137 0.50221024 0.5021497  0.50185139 0.50103774
 0.50040621 0.50030596 0.50024791 0.49957663 0.49934049 0.4993226
 0.49930075 0.49910492 0.49907847 0.49907291 0.49905979 0.4988308
 0.49876391 0.49866629 0.49859699 0.49813772 0.49810947 0.49793019
 0.49789024 0.49777267 0.49768337 0.49768183 0.49764563 0.49721992
 0.49720063 0.49664848 0.49664453 0.4964786  0.49645868 0.49640106
 0.49639304 0.49626446 0.49624102 0.49596631 0.49594787 0.49537437
 0.49532092 0.49520291 0.49520252 0.49496705 0.49489759 0.49482204
 0.49475631 0.49464018 0.49461516 0.49458637 0.49452998 0.49452553
 0.49450312 0.49447014 0.49446248 0.49439202 0.49438694 0.49435289
 0.49430785 0.49405612 0.4940424  0.49394277 0.49386214 0.49378967
 0.49365649 0.4935958  0.49359507 0.49349468 0.49323878 0.49322719
 0.49261641 0.49254157 0.49248888 0.49221115 0.49202339 0.49173348
 0.47586842]"
0.5495867768595041,0.25757575757575757,"[1.54009098 0.54009098 0.51200371 0.51199236 0.50939935 0.50877552
 0.50735012 0.50587441 0.50510642 0.50390135 0.50352662 0.50350996
 0.50288392 0.50234137 0.50221024 0.5021497  0.50185139 0.50103774
 0.50040621 0.50030596 0.50024791 0.49957663 0.49934049 0.4993226
 0.49930075 0.49910492 0.49907847 0.49907291 0.49905979 0.4988308
 0.49876391 0.49866629 0.49859699 0.49813772 0.49810947 0.49793019
 0.49789024 0.49777267 0.49768337 0.49768183 0.49764563 0.49721992
 0.49720063 0.49664848 0.49664453 0.4964786  0.49645868 0.49640106
 0.49639304 0.49626446 0.49624102 0.49596631 0.49594787 0.49537437
 0.49532092 0.49520291 0.49520252 0.49496705 0.49489759 0.49482204
 0.49475631 0.49464018 0.49461516 0.49458637 0.49452998 0.49452553
 0.49450312 0.49447014 0.49446248 0.49439202 0.49438694 0.49435289
 0.49430785 0.49405612 0.4940424  0.49394277 0.49386214 0.49378967
 0.49365649 0.4935958  0.49359507 0.49349468 0.49323878 0.49322719
 0.49261641 0.49254157 0.49248888 0.49221115 0.49202339 0.49173348
 0.47586842]"
0.5537190082644629,0.25757575757575757,"[1.54009098 0.54009098 0.51200371 0.51199236 0.50939935 0.50877552
 0.50735012 0.50587441 0.50510642 0.50390135 0.50352662 0.50350996
 0.50288392 0.50234137 0.50221024 0.5021497  0.50185139 0.50103774
 0.50040621 0.50030596 0.50024791 0.49957663 0.49934049 0.4993226
 0.49930075 0.49910492 0.49907847 0.49907291 0.49905979 0.4988308
 0.49876391 0.49866629 0.49859699 0.49813772 0.49810947 0.49793019
 0.49789024 0.49777267 0.49768337 0.49768183 0.49764563 0.49721992
 0.49720063 0.49664848 0.49664453 0.4964786  0.49645868 0.49640106
 0.49639304 0.49626446 0.49624102 0.49596631 0.49594787 0.49537437
 0.49532092 0.49520291 0.49520252 0.49496705 0.49489759 0.49482204
 0.49475631 0.49464018 0.49461516 0.49458637 0.49452998 0.49452553
 0.49450312 0.49447014 0.49446248 0.49439202 0.49438694 0.49435289
 0.49430785 0.49405612 0.4940424  0.49394277 0.49386214 0.49378967
 0.49365649 0.4935958  0.49359507 0.49349468 0.49323878 0.49322719
 0.49261641 0.49254157 0.49248888 0.49221115 0.49202339 0.49173348
 0.47586842]"
0.5537190082644629,0.2777777777777778,"[1.54009098 0.54009098 0.51200371 0.51199236 0.50939935 0.50877552
 0.50735012 0.50587441 0.50510642 0.50390135 0.50352662 0.50350996
 0.50288392 0.50234137 0.50221024 0.5021497  0.50185139 0.50103774
 0.50040621 0.50030596 0.50024791 0.49957663 0.49934049 0.4993226
 0.49930075 0.49910492 0.49907847 0.49907291 0.49905979 0.4988308
 0.49876391 0.49866629 0.49859699 0.49813772 0.49810947 0.49793019
 0.49789024 0.49777267 0.49768337 0.49768183 0.49764563 0.49721992
 0.49720063 0.49664848 0.49664453 0.4964786  0.49645868 0.49640106
 0.49639304 0.49626446 0.49624102 0.49596631 0.49594787 0.49537437
 0.49532092 0.49520291 0.49520252 0.49496705 0.49489759 0.49482204
 0.49475631 0.49464018 0.49461516 0.49458637 0.49452998 0.49452553
 0.49450312 0.49447014 0.49446248 0.49439202 0.49438694 0.49435289
 0.49430785 0.49405612 0.4940424  0.49394277 0.49386214 0.49378967
 0.49365649 0.4935958  0.49359507 0.49349468 0.49323878 0.49322719
 0.49261641 0.49254157 0.49248888 0.49221115 0.49202339 0.49173348
 0.47586842]"
0.5661157024793388,0.2777777777777778,"[1.54009098 0.54009098 0.51200371 0.51199236 0.50939935 0.50877552
 0.50735012 0.50587441 0.50510642 0.50390135 0.50352662 0.50350996
 0.50288392 0.50234137 0.50221024 0.5021497  0.50185139 0.50103774
 0.50040621 0.50030596 0.50024791 0.49957663 0.49934049 0.4993226
 0.49930075 0.49910492 0.49907847 0.49907291 0.49905979 0.4988308
 0.49876391 0.49866629 0.49859699 0.49813772 0.49810947 0.49793019
 0.49789024 0.49777267 0.49768337 0.49768183 0.49764563 0.49721992
 0.49720063 0.49664848 0.49664453 0.4964786  0.49645868 0.49640106
 0.49639304 0.49626446 0.49624102 0.49596631 0.49594787 0.49537437
 0.49532092 0.49520291 0.49520252 0.49496705 0.49489759 0.49482204
 0.49475631 0.49464018 0.49461516 0.49458637 0.49452998 0.49452553
 0.49450312 0.49447014 0.49446248 0.49439202 0.49438694 0.49435289
 0.49430785 0.49405612 0.4940424  0.49394277 0.49386214 0.49378967
 0.49365649 0.4935958  0.49359507 0.49349468 0.49323878 0.49322719
 0.49261641 0.49254157 0.49248888 0.49221115 0.49202339 0.49173348
 0.47586842]"
0.5661157024793388,0.2828282828282828,"[1.54009098 0.54009098 0.51200371 0.51199236 0.50939935 0.50877552
 0.50735012 0.50587441 0.50510642 0.50390135 0.50352662 0.50350996
 0.50288392 0.50234137 0.50221024 0.5021497  0.50185139 0.50103774
 0.50040621 0.50030596 0.50024791 0.49957663 0.49934049 0.4993226
 0.49930075 0.49910492 0.49907847 0.49907291 0.49905979 0.4988308
 0.49876391 0.49866629 0.49859699 0.49813772 0.49810947 0.49793019
 0.49789024 0.49777267 0.49768337 0.49768183 0.49764563 0.49721992
 0.49720063 0.49664848 0.49664453 0.4964786  0.49645868 0.49640106
 0.49639304 0.49626446 0.49624102 0.49596631 0.49594787 0.49537437
 0.49532092 0.49520291 0.49520252 0.49496705 0.49489759 0.49482204
 0.49475631 0.49464018 0.49461516 0.49458637 0.49452998 0.49452553
 0.49450312 0.49447014 0.49446248 0.49439202 0.49438694 0.49435289
 0.49430785 0.49405612 0.4940424  0.49394277 0.49386214 0.49378967
 0.49365649 0.4935958  0.49359507 0.49349468 0.49323878 0.49322719
 0.49261641 0.49254157 0.49248888 0.49221115 0.49202339 0.49173348
 0.47586842]"
0.5702479338842975,0.2828282828282828,"[1.54009098 0.54009098 0.51200371 0.51199236 0.50939935 0.50877552
 0.50735012 0.50587441 0.50510642 0.50390135 0.50352662 0.50350996
 0.50288392 0.50234137 0.50221024 0.5021497  0.50185139 0.50103774
 0.50040621 0.50030596 0.50024791 0.49957663 0.49934049 0.4993226
 0.49930075 0.49910492 0.49907847 0.49907291 0.49905979 0.4988308
 0.49876391 0.49866629 0.49859699 0.49813772 0.49810947 0.49793019
 0.49789024 0.49777267 0.49768337 0.49768183 0.49764563 0.49721992
 0.49720063 0.49664848 0.49664453 0.4964786  0.49645868 0.49640106
 0.49639304 0.49626446 0.49624102 0.49596631 0.49594787 0.49537437
 0.49532092 0.49520291 0.49520252 0.49496705 0.49489759 0.49482204
 0.49475631 0.49464018 0.49461516 0.49458637 0.49452998 0.49452553
 0.49450312 0.49447014 0.49446248 0.49439202 0.49438694 0.49435289
 0.49430785 0.49405612 0.4940424  0.49394277 0.49386214 0.49378967
 0.49365649 0.4935958  0.49359507 0.49349468 0.49323878 0.49322719
 0.49261641 0.49254157 0.49248888 0.49221115 0.49202339 0.49173348
 0.47586842]"
0.5702479338842975,0.35858585858585856,"[1.54009098 0.54009098 0.51200371 0.51199236 0.50939935 0.50877552
 0.50735012 0.50587441 0.50510642 0.50390135 0.50352662 0.50350996
 0.50288392 0.50234137 0.50221024 0.5021497  0.50185139 0.50103774
 0.50040621 0.50030596 0.50024791 0.49957663 0.49934049 0.4993226
 0.49930075 0.49910492 0.49907847 0.49907291 0.49905979 0.4988308
 0.49876391 0.49866629 0.49859699 0.49813772 0.49810947 0.49793019
 0.49789024 0.49777267 0.49768337 0.49768183 0.49764563 0.49721992
 0.49720063 0.49664848 0.49664453 0.4964786  0.49645868 0.49640106
 0.49639304 0.49626446 0.49624102 0.49596631 0.49594787 0.49537437
 0.49532092 0.49520291 0.49520252 0.49496705 0.49489759 0.49482204
 0.49475631 0.49464018 0.49461516 0.49458637 0.49452998 0.49452553
 0.49450312 0.49447014 0.49446248 0.49439202 0.49438694 0.49435289
 0.49430785 0.49405612 0.4940424  0.49394277 0.49386214 0.49378967
 0.49365649 0.4935958  0.49359507 0.49349468 0.49323878 0.49322719
 0.49261641 0.49254157 0.49248888 0.49221115 0.49202339 0.49173348
 0.47586842]"
0.5743801652892562,0.35858585858585856,"[1.54009098 0.54009098 0.51200371 0.51199236 0.50939935 0.50877552
 0.50735012 0.50587441 0.50510642 0.50390135 0.50352662 0.50350996
 0.50288392 0.50234137 0.50221024 0.5021497  0.50185139 0.50103774
 0.50040621 0.50030596 0.50024791 0.49957663 0.49934049 0.4993226
 0.49930075 0.49910492 0.49907847 0.49907291 0.49905979 0.4988308
 0.49876391 0.49866629 0.49859699 0.49813772 0.49810947 0.49793019
 0.49789024 0.49777267 0.49768337 0.49768183 0.49764563 0.49721992
 0.49720063 0.49664848 0.49664453 0.4964786  0.49645868 0.49640106
 0.49639304 0.49626446 0.49624102 0.49596631 0.49594787 0.49537437
 0.49532092 0.49520291 0.49520252 0.49496705 0.49489759 0.49482204
 0.49475631 0.49464018 0.49461516 0.49458637 0.49452998 0.49452553
 0.49450312 0.49447014 0.49446248 0.49439202 0.49438694 0.49435289
 0.49430785 0.49405612 0.4940424  0.49394277 0.49386214 0.49378967
 0.49365649 0.4935958  0.49359507 0.49349468 0.49323878 0.49322719
 0.49261641 0.49254157 0.49248888 0.49221115 0.49202339 0.49173348
 0.47586842]"
0.5743801652892562,0.4595959595959596,"[1.54009098 0.54009098 0.51200371 0.51199236 0.50939935 0.50877552
 0.50735012 0.50587441 0.50510642 0.50390135 0.50352662 0.50350996
 0.50288392 0.50234137 0.50221024 0.5021497  0.50185139 0.50103774
 0.50040621 0.50030596 0.50024791 0.49957663 0.49934049 0.4993226
 0.49930075 0.49910492 0.49907847 0.49907291 0.49905979 0.4988308
 0.49876391 0.49866629 0.49859699 0.49813772 0.49810947 0.49793019
 0.49789024 0.49777267 0.49768337 0.49768183 0.49764563 0.49721992
 0.49720063 0.49664848 0.49664453 0.4964786  0.49645868 0.49640106
 0.49639304 0.49626446 0.49624102 0.49596631 0.49594787 0.49537437
 0.49532092 0.49520291 0.49520252 0.49496705 0.49489759 0.49482204
 0.49475631 0.49464018 0.49461516 0.49458637 0.49452998 0.49452553
 0.49450312 0.49447014 0.49446248 0.49439202 0.49438694 0.49435289
 0.49430785 0.49405612 0.4940424  0.49394277 0.49386214 0.49378967
 0.49365649 0.4935958  0.49359507 0.49349468 0.49323878 0.49322719
 0.49261641 0.49254157 0.49248888 0.49221115 0.49202339 0.49173348
 0.47586842]"
0.5785123966942148,0.4595959595959596,"[1.54009098 0.54009098 0.51200371 0.51199236 0.50939935 0.50877552
 0.50735012 0.50587441 0.50510642 0.50390135 0.50352662 0.50350996
 0.50288392 0.50234137 0.50221024 0.5021497  0.50185139 0.50103774
 0.50040621 0.50030596 0.50024791 0.49957663 0.49934049 0.4993226
 0.49930075 0.49910492 0.49907847 0.49907291 0.49905979 0.4988308
 0.49876391 0.49866629 0.49859699 0.49813772 0.49810947 0.49793019
 0.49789024 0.49777267 0.49768337 0.49768183 0.49764563 0.49721992
 0.49720063 0.49664848 0.49664453 0.4964786  0.49645868 0.49640106
 0.49639304 0.49626446 0.49624102 0.49596631 0.49594787 0.49537437
 0.49532092 0.49520291 0.49520252 0.49496705 0.49489759 0.49482204
 0.49475631 0.49464018 0.49461516 0.49458637 0.49452998 0.49452553
 0.49450312 0.49447014 0.49446248 0.49439202 0.49438694 0.49435289
 0.49430785 0.49405612 0.4940424  0.49394277 0.49386214 0.49378967
 0.49365649 0.4935958  0.49359507 0.49349468 0.49323878 0.49322719
 0.49261641 0.49254157 0.49248888 0.49221115 0.49202339 0.49173348
 0.47586842]"
0.5785123966942148,0.494949494949495,"[1.54009098 0.54009098 0.51200371 0.51199236 0.50939935 0.50877552
 0.50735012 0.50587441 0.50510642 0.50390135 0.50352662 0.50350996
 0.50288392 0.50234137 0.50221024 0.5021497  0.50185139 0.50103774
 0.50040621 0.50030596 0.50024791 0.49957663 0.49934049 0.4993226
 0.49930075 0.49910492 0.49907847 0.49907291 0.49905979 0.4988308
 0.49876391 0.49866629 0.49859699 0.49813772 0.49810947 0.49793019
 0.49789024 0.49777267 0.49768337 0.49768183 0.49764563 0.49721992
 0.49720063 0.49664848 0.49664453 0.4964786  0.49645868 0.49640106
 0.49639304 0.49626446 0.49624102 0.49596631 0.49594787 0.49537437
 0.49532092 0.49520291 0.49520252 0.49496705 0.49489759 0.49482204
 0.49475631 0.49464018 0.49461516 0.49458637 0.49452998 0.49452553
 0.49450312 0.49447014 0.49446248 0.49439202 0.49438694 0.49435289
 0.49430785 0.49405612 0.4940424  0.49394277 0.49386214 0.49378967
 0.49365649 0.4935958  0.49359507 0.49349468 0.49323878 0.49322719
 0.49261641 0.49254157 0.49248888 0.49221115 0.49202339 0.49173348
 0.47586842]"
0.5826446280991735,0.494949494949495,"[1.54009098 0.54009098 0.51200371 0.51199236 0.50939935 0.50877552
 0.50735012 0.50587441 0.50510642 0.50390135 0.50352662 0.50350996
 0.50288392 0.50234137 0.50221024 0.5021497  0.50185139 0.50103774
 0.50040621 0.50030596 0.50024791 0.49957663 0.49934049 0.4993226
 0.49930075 0.49910492 0.49907847 0.49907291 0.49905979 0.4988308
 0.49876391 0.49866629 0.49859699 0.49813772 0.49810947 0.49793019
 0.49789024 0.49777267 0.49768337 0.49768183 0.49764563 0.49721992
 0.49720063 0.49664848 0.49664453 0.4964786  0.49645868 0.49640106
 0.49639304 0.49626446 0.49624102 0.49596631 0.49594787 0.49537437
 0.49532092 0.49520291 0.49520252 0.49496705 0.49489759 0.49482204
 0.49475631 0.49464018 0.49461516 0.49458637 0.49452998 0.49452553
 0.49450312 0.49447014 0.49446248 0.49439202 0.49438694 0.49435289
 0.49430785 0.49405612 0.4940424  0.49394277 0.49386214 0.49378967
 0.49365649 0.4935958  0.49359507 0.49349468 0.49323878 0.49322719
 0.49261641 0.49254157 0.49248888 0.49221115 0.49202339 0.49173348
 0.47586842]"
0.5826446280991735,0.51010101010101,"[1.54009098 0.54009098 0.51200371 0.51199236 0.50939935 0.50877552
 0.50735012 0.50587441 0.50510642 0.50390135 0.50352662 0.50350996
 0.50288392 0.50234137 0.50221024 0.5021497  0.50185139 0.50103774
 0.50040621 0.50030596 0.50024791 0.49957663 0.49934049 0.4993226
 0.49930075 0.49910492 0.49907847 0.49907291 0.49905979 0.4988308
 0.49876391 0.49866629 0.49859699 0.49813772 0.49810947 0.49793019
 0.49789024 0.49777267 0.49768337 0.49768183 0.49764563 0.49721992
 0.49720063 0.49664848 0.49664453 0.4964786  0.49645868 0.49640106
 0.49639304 0.49626446 0.49624102 0.49596631 0.49594787 0.49537437
 0.49532092 0.49520291 0.49520252 0.49496705 0.49489759 0.49482204
 0.49475631 0.49464018 0.49461516 0.49458637 0.49452998 0.49452553
 0.49450312 0.49447014 0.49446248 0.49439202 0.49438694 0.49435289
 0.49430785 0.49405612 0.4940424  0.49394277 0.49386214 0.49378967
 0.49365649 0.4935958  0.49359507 0.49349468 0.49323878 0.49322719
 0.49261641 0.49254157 0.49248888 0.49221115 0.49202339 0.49173348
 0.47586842]"
0.5867768595041323,0.51010101010101,"[1.54009098 0.54009098 0.51200371 0.51199236 0.50939935 0.50877552
 0.50735012 0.50587441 0.50510642 0.50390135 0.50352662 0.50350996
 0.50288392 0.50234137 0.50221024 0.5021497  0.50185139 0.50103774
 0.50040621 0.50030596 0.50024791 0.49957663 0.49934049 0.4993226
 0.49930075 0.49910492 0.49907847 0.49907291 0.49905979 0.4988308
 0.49876391 0.49866629 0.49859699 0.49813772 0.49810947 0.49793019
 0.49789024 0.49777267 0.49768337 0.49768183 0.49764563 0.49721992
 0.49720063 0.49664848 0.49664453 0.4964786  0.49645868 0.49640106
 0.49639304 0.49626446 0.49624102 0.49596631 0.49594787 0.49537437
 0.49532092 0.49520291 0.49520252 0.49496705 0.49489759 0.49482204
 0.49475631 0.49464018 0.49461516 0.49458637 0.49452998 0.49452553
 0.49450312 0.49447014 0.49446248 0.49439202 0.49438694 0.49435289
 0.49430785 0.49405612 0.4940424  0.49394277 0.49386214 0.49378967
 0.49365649 0.4935958  0.49359507 0.49349468 0.49323878 0.49322719
 0.49261641 0.49254157 0.49248888 0.49221115 0.49202339 0.49173348
 0.47586842]"
0.5867768595041323,0.5353535353535354,"[1.54009098 0.54009098 0.51200371 0.51199236 0.50939935 0.50877552
 0.50735012 0.50587441 0.50510642 0.50390135 0.50352662 0.50350996
 0.50288392 0.50234137 0.50221024 0.5021497  0.50185139 0.50103774
 0.50040621 0.50030596 0.50024791 0.49957663 0.49934049 0.4993226
 0.49930075 0.49910492 0.49907847 0.49907291 0.49905979 0.4988308
 0.49876391 0.49866629 0.49859699 0.49813772 0.49810947 0.49793019
 0.49789024 0.49777267 0.49768337 0.49768183 0.49764563 0.49721992
 0.49720063 0.49664848 0.49664453 0.4964786  0.49645868 0.49640106
 0.49639304 0.49626446 0.49624102 0.49596631 0.49594787 0.49537437
 0.49532092 0.49520291 0.49520252 0.49496705 0.49489759 0.49482204
 0.49475631 0.49464018 0.49461516 0.49458637 0.49452998 0.49452553
 0.49450312 0.49447014 0.49446248 0.49439202 0.49438694 0.49435289
 0.49430785 0.49405612 0.4940424  0.49394277 0.49386214 0.49378967
 0.49365649 0.4935958  0.49359507 0.49349468 0.49323878 0.49322719
 0.49261641 0.49254157 0.49248888 0.49221115 0.49202339 0.49173348
 0.47586842]"
0.5909090909090909,0.5353535353535354,"[1.54009098 0.54009098 0.51200371 0.51199236 0.50939935 0.50877552
 0.50735012 0.50587441 0.50510642 0.50390135 0.50352662 0.50350996
 0.50288392 0.50234137 0.50221024 0.5021497  0.50185139 0.50103774
 0.50040621 0.50030596 0.50024791 0.49957663 0.49934049 0.4993226
 0.49930075 0.49910492 0.49907847 0.49907291 0.49905979 0.4988308
 0.49876391 0.49866629 0.49859699 0.49813772 0.49810947 0.49793019
 0.49789024 0.49777267 0.49768337 0.49768183 0.49764563 0.49721992
 0.49720063 0.49664848 0.49664453 0.4964786  0.49645868 0.49640106
 0.49639304 0.49626446 0.49624102 0.49596631 0.49594787 0.49537437
 0.49532092 0.49520291 0.49520252 0.49496705 0.49489759 0.49482204
 0.49475631 0.49464018 0.49461516 0.49458637 0.49452998 0.49452553
 0.49450312 0.49447014 0.49446248 0.49439202 0.49438694 0.49435289
 0.49430785 0.49405612 0.4940424  0.49394277 0.49386214 0.49378967
 0.49365649 0.4935958  0.49359507 0.49349468 0.49323878 0.49322719
 0.49261641 0.49254157 0.49248888 0.49221115 0.49202339 0.49173348
 0.47586842]"
0.5909090909090909,0.6060606060606061,"[1.54009098 0.54009098 0.51200371 0.51199236 0.50939935 0.50877552
 0.50735012 0.50587441 0.50510642 0.50390135 0.50352662 0.50350996
 0.50288392 0.50234137 0.50221024 0.5021497  0.50185139 0.50103774
 0.50040621 0.50030596 0.50024791 0.49957663 0.49934049 0.4993226
 0.49930075 0.49910492 0.49907847 0.49907291 0.49905979 0.4988308
 0.49876391 0.49866629 0.49859699 0.49813772 0.49810947 0.49793019
 0.49789024 0.49777267 0.49768337 0.49768183 0.49764563 0.49721992
 0.49720063 0.49664848 0.49664453 0.4964786  0.49645868 0.49640106
 0.49639304 0.49626446 0.49624102 0.49596631 0.49594787 0.49537437
 0.49532092 0.49520291 0.49520252 0.49496705 0.49489759 0.49482204
 0.49475631 0.49464018 0.49461516 0.49458637 0.49452998 0.49452553
 0.49450312 0.49447014 0.49446248 0.49439202 0.49438694 0.49435289
 0.49430785 0.49405612 0.4940424  0.49394277 0.49386214 0.49378967
 0.49365649 0.4935958  0.49359507 0.49349468 0.49323878 0.49322719
 0.49261641 0.49254157 0.49248888 0.49221115 0.49202339 0.49173348
 0.47586842]"
0.5950413223140496,0.6060606060606061,"[1.54009098 0.54009098 0.51200371 0.51199236 0.50939935 0.50877552
 0.50735012 0.50587441 0.50510642 0.50390135 0.50352662 0.50350996
 0.50288392 0.50234137 0.50221024 0.5021497  0.50185139 0.50103774
 0.50040621 0.50030596 0.50024791 0.49957663 0.49934049 0.4993226
 0.49930075 0.49910492 0.49907847 0.49907291 0.49905979 0.4988308
 0.49876391 0.49866629 0.49859699 0.49813772 0.49810947 0.49793019
 0.49789024 0.49777267 0.49768337 0.49768183 0.49764563 0.49721992
 0.49720063 0.49664848 0.49664453 0.4964786  0.49645868 0.49640106
 0.49639304 0.49626446 0.49624102 0.49596631 0.49594787 0.49537437
 0.49532092 0.49520291 0.49520252 0.49496705 0.49489759 0.49482204
 0.49475631 0.49464018 0.49461516 0.49458637 0.49452998 0.49452553
 0.49450312 0.49447014 0.49446248 0.49439202 0.49438694 0.49435289
 0.49430785 0.49405612 0.4940424  0.49394277 0.49386214 0.49378967
 0.49365649 0.4935958  0.49359507 0.49349468 0.49323878 0.49322719
 0.49261641 0.49254157 0.49248888 0.49221115 0.49202339 0.49173348
 0.47586842]"
0.5950413223140496,0.7474747474747475,"[1.54009098 0.54009098 0.51200371 0.51199236 0.50939935 0.50877552
 0.50735012 0.50587441 0.50510642 0.50390135 0.50352662 0.50350996
 0.50288392 0.50234137 0.50221024 0.5021497  0.50185139 0.50103774
 0.50040621 0.50030596 0.50024791 0.49957663 0.49934049 0.4993226
 0.49930075 0.49910492 0.49907847 0.49907291 0.49905979 0.4988308
 0.49876391 0.49866629 0.49859699 0.49813772 0.49810947 0.49793019
 0.49789024 0.49777267 0.49768337 0.49768183 0.49764563 0.49721992
 0.49720063 0.49664848 0.49664453 0.4964786  0.49645868 0.49640106
 0.49639304 0.49626446 0.49624102 0.49596631 0.49594787 0.49537437
 0.49532092 0.49520291 0.49520252 0.49496705 0.49489759 0.49482204
 0.49475631 0.49464018 0.49461516 0.49458637 0.49452998 0.49452553
 0.49450312 0.49447014 0.49446248 0.49439202 0.49438694 0.49435289
 0.49430785 0.49405612 0.4940424  0.49394277 0.49386214 0.49378967
 0.49365649 0.4935958  0.49359507 0.49349468 0.49323878 0.49322719
 0.49261641 0.49254157 0.49248888 0.49221115 0.49202339 0.49173348
 0.47586842]"
0.6033057851239669,0.7474747474747475,"[1.54009098 0.54009098 0.51200371 0.51199236 0.50939935 0.50877552
 0.50735012 0.50587441 0.50510642 0.50390135 0.50352662 0.50350996
 0.50288392 0.50234137 0.50221024 0.5021497  0.50185139 0.50103774
 0.50040621 0.50030596 0.50024791 0.49957663 0.49934049 0.4993226
 0.49930075 0.49910492 0.49907847 0.49907291 0.49905979 0.4988308
 0.49876391 0.49866629 0.49859699 0.49813772 0.49810947 0.49793019
 0.49789024 0.49777267 0.49768337 0.49768183 0.49764563 0.49721992
 0.49720063 0.49664848 0.49664453 0.4964786  0.49645868 0.49640106
 0.49639304 0.49626446 0.49624102 0.49596631 0.49594787 0.49537437
 0.49532092 0.49520291 0.49520252 0.49496705 0.49489759 0.49482204
 0.49475631 0.49464018 0.49461516 0.49458637 0.49452998 0.49452553
 0.49450312 0.49447014 0.49446248 0.49439202 0.49438694 0.49435289
 0.49430785 0.49405612 0.4940424  0.49394277 0.49386214 0.49378967
 0.49365649 0.4935958  0.49359507 0.49349468 0.49323878 0.49322719
 0.49261641 0.49254157 0.49248888 0.49221115 0.49202339 0.49173348
 0.47586842]"
0.6033057851239669,0.7575757575757576,"[1.54009098 0.54009098 0.51200371 0.51199236 0.50939935 0.50877552
 0.50735012 0.50587441 0.50510642 0.50390135 0.50352662 0.50350996
 0.50288392 0.50234137 0.50221024 0.5021497  0.50185139 0.50103774
 0.50040621 0.50030596 0.50024791 0.49957663 0.49934049 0.4993226
 0.49930075 0.49910492 0.49907847 0.49907291 0.49905979 0.4988308
 0.49876391 0.49866629 0.49859699 0.49813772 0.49810947 0.49793019
 0.49789024 0.49777267 0.49768337 0.49768183 0.49764563 0.49721992
 0.49720063 0.49664848 0.49664453 0.4964786  0.49645868 0.49640106
 0.49639304 0.49626446 0.49624102 0.49596631 0.49594787 0.49537437
 0.49532092 0.49520291 0.49520252 0.49496705 0.49489759 0.49482204
 0.49475631 0.49464018 0.49461516 0.49458637 0.49452998 0.49452553
 0.49450312 0.49447014 0.49446248 0.49439202 0.49438694 0.49435289
 0.49430785 0.49405612 0.4940424  0.49394277 0.49386214 0.49378967
 0.49365649 0.4935958  0.49359507 0.49349468 0.49323878 0.49322719
 0.49261641 0.49254157 0.49248888 0.49221115 0.49202339 0.49173348
 0.47586842]"
0.6074380165289256,0.7575757575757576,"[1.54009098 0.54009098 0.51200371 0.51199236 0.50939935 0.50877552
 0.50735012 0.50587441 0.50510642 0.50390135 0.50352662 0.50350996
 0.50288392 0.50234137 0.50221024 0.5021497  0.50185139 0.50103774
 0.50040621 0.50030596 0.50024791 0.49957663 0.49934049 0.4993226
 0.49930075 0.49910492 0.49907847 0.49907291 0.49905979 0.4988308
 0.49876391 0.49866629 0.49859699 0.49813772 0.49810947 0.49793019
 0.49789024 0.49777267 0.49768337 0.49768183 0.49764563 0.49721992
 0.49720063 0.49664848 0.49664453 0.4964786  0.49645868 0.49640106
 0.49639304 0.49626446 0.49624102 0.49596631 0.49594787 0.49537437
 0.49532092 0.49520291 0.49520252 0.49496705 0.49489759 0.49482204
 0.49475631 0.49464018 0.49461516 0.49458637 0.49452998 0.49452553
 0.49450312 0.49447014 0.49446248 0.49439202 0.49438694 0.49435289
 0.49430785 0.49405612 0.4940424  0.49394277 0.49386214 0.49378967
 0.49365649 0.4935958  0.49359507 0.49349468 0.49323878 0.49322719
 0.49261641 0.49254157 0.49248888 0.49221115 0.49202339 0.49173348
 0.47586842]"
0.6074380165289256,0.797979797979798,"[1.54009098 0.54009098 0.51200371 0.51199236 0.50939935 0.50877552
 0.50735012 0.50587441 0.50510642 0.50390135 0.50352662 0.50350996
 0.50288392 0.50234137 0.50221024 0.5021497  0.50185139 0.50103774
 0.50040621 0.50030596 0.50024791 0.49957663 0.49934049 0.4993226
 0.49930075 0.49910492 0.49907847 0.49907291 0.49905979 0.4988308
 0.49876391 0.49866629 0.49859699 0.49813772 0.49810947 0.49793019
 0.49789024 0.49777267 0.49768337 0.49768183 0.49764563 0.49721992
 0.49720063 0.49664848 0.49664453 0.4964786  0.49645868 0.49640106
 0.49639304 0.49626446 0.49624102 0.49596631 0.49594787 0.49537437
 0.49532092 0.49520291 0.49520252 0.49496705 0.49489759 0.49482204
 0.49475631 0.49464018 0.49461516 0.49458637 0.49452998 0.49452553
 0.49450312 0.49447014 0.49446248 0.49439202 0.49438694 0.49435289
 0.49430785 0.49405612 0.4940424  0.49394277 0.49386214 0.49378967
 0.49365649 0.4935958  0.49359507 0.49349468 0.49323878 0.49322719
 0.49261641 0.49254157 0.49248888 0.49221115 0.49202339 0.49173348
 0.47586842]"
0.6115702479338843,0.797979797979798,"[1.54009098 0.54009098 0.51200371 0.51199236 0.50939935 0.50877552
 0.50735012 0.50587441 0.50510642 0.50390135 0.50352662 0.50350996
 0.50288392 0.50234137 0.50221024 0.5021497  0.50185139 0.50103774
 0.50040621 0.50030596 0.50024791 0.49957663 0.49934049 0.4993226
 0.49930075 0.49910492 0.49907847 0.49907291 0.49905979 0.4988308
 0.49876391 0.49866629 0.49859699 0.49813772 0.49810947 0.49793019
 0.49789024 0.49777267 0.49768337 0.49768183 0.49764563 0.49721992
 0.49720063 0.49664848 0.49664453 0.4964786  0.49645868 0.49640106
 0.49639304 0.49626446 0.49624102 0.49596631 0.49594787 0.49537437
 0.49532092 0.49520291 0.49520252 0.49496705 0.49489759 0.49482204
 0.49475631 0.49464018 0.49461516 0.49458637 0.49452998 0.49452553
 0.49450312 0.49447014 0.49446248 0.49439202 0.49438694 0.49435289
 0.49430785 0.49405612 0.4940424  0.49394277 0.49386214 0.49378967
 0.49365649 0.4935958  0.49359507 0.49349468 0.49323878 0.49322719
 0.49261641 0.49254157 0.49248888 0.49221115 0.49202339 0.49173348
 0.47586842]"
0.6115702479338843,0.8131313131313131,"[1.54009098 0.54009098 0.51200371 0.51199236 0.50939935 0.50877552
 0.50735012 0.50587441 0.50510642 0.50390135 0.50352662 0.50350996
 0.50288392 0.50234137 0.50221024 0.5021497  0.50185139 0.50103774
 0.50040621 0.50030596 0.50024791 0.49957663 0.49934049 0.4993226
 0.49930075 0.49910492 0.49907847 0.49907291 0.49905979 0.4988308
 0.49876391 0.49866629 0.49859699 0.49813772 0.49810947 0.49793019
 0.49789024 0.49777267 0.49768337 0.49768183 0.49764563 0.49721992
 0.49720063 0.49664848 0.49664453 0.4964786  0.49645868 0.49640106
 0.49639304 0.49626446 0.49624102 0.49596631 0.49594787 0.49537437
 0.49532092 0.49520291 0.49520252 0.49496705 0.49489759 0.49482204
 0.49475631 0.49464018 0.49461516 0.49458637 0.49452998 0.49452553
 0.49450312 0.49447014 0.49446248 0.49439202 0.49438694 0.49435289
 0.49430785 0.49405612 0.4940424  0.49394277 0.49386214 0.49378967
 0.49365649 0.4935958  0.49359507 0.49349468 0.49323878 0.49322719
 0.49261641 0.49254157 0.49248888 0.49221115 0.49202339 0.49173348
 0.47586842]"
0.6198347107438017,0.8131313131313131,"[1.54009098 0.54009098 0.51200371 0.51199236 0.50939935 0.50877552
 0.50735012 0.50587441 0.50510642 0.50390135 0.50352662 0.50350996
 0.50288392 0.50234137 0.50221024 0.5021497  0.50185139 0.50103774
 0.50040621 0.50030596 0.50024791 0.49957663 0.49934049 0.4993226
 0.49930075 0.49910492 0.49907847 0.49907291 0.49905979 0.4988308
 0.49876391 0.49866629 0.49859699 0.49813772 0.49810947 0.49793019
 0.49789024 0.49777267 0.49768337 0.49768183 0.49764563 0.49721992
 0.49720063 0.49664848 0.49664453 0.4964786  0.49645868 0.49640106
 0.49639304 0.49626446 0.49624102 0.49596631 0.49594787 0.49537437
 0.49532092 0.49520291 0.49520252 0.49496705 0.49489759 0.49482204
 0.49475631 0.49464018 0.49461516 0.49458637 0.49452998 0.49452553
 0.49450312 0.49447014 0.49446248 0.49439202 0.49438694 0.49435289
 0.49430785 0.49405612 0.4940424  0.49394277 0.49386214 0.49378967
 0.49365649 0.4935958  0.49359507 0.49349468 0.49323878 0.49322719
 0.49261641 0.49254157 0.49248888 0.49221115 0.49202339 0.49173348
 0.47586842]"
0.6198347107438017,0.8484848484848485,"[1.54009098 0.54009098 0.51200371 0.51199236 0.50939935 0.50877552
 0.50735012 0.50587441 0.50510642 0.50390135 0.50352662 0.50350996
 0.50288392 0.50234137 0.50221024 0.5021497  0.50185139 0.50103774
 0.50040621 0.50030596 0.50024791 0.49957663 0.49934049 0.4993226
 0.49930075 0.49910492 0.49907847 0.49907291 0.49905979 0.4988308
 0.49876391 0.49866629 0.49859699 0.49813772 0.49810947 0.49793019
 0.49789024 0.49777267 0.49768337 0.49768183 0.49764563 0.49721992
 0.49720063 0.49664848 0.49664453 0.4964786  0.49645868 0.49640106
 0.49639304 0.49626446 0.49624102 0.49596631 0.49594787 0.49537437
 0.49532092 0.49520291 0.49520252 0.49496705 0.49489759 0.49482204
 0.49475631 0.49464018 0.49461516 0.49458637 0.49452998 0.49452553
 0.49450312 0.49447014 0.49446248 0.49439202 0.49438694 0.49435289
 0.49430785 0.49405612 0.4940424  0.49394277 0.49386214 0.49378967
 0.49365649 0.4935958  0.49359507 0.49349468 0.49323878 0.49322719
 0.49261641 0.49254157 0.49248888 0.49221115 0.49202339 0.49173348
 0.47586842]"
0.6239669421487604,0.8484848484848485,"[1.54009098 0.54009098 0.51200371 0.51199236 0.50939935 0.50877552
 0.50735012 0.50587441 0.50510642 0.50390135 0.50352662 0.50350996
 0.50288392 0.50234137 0.50221024 0.5021497  0.50185139 0.50103774
 0.50040621 0.50030596 0.50024791 0.49957663 0.49934049 0.4993226
 0.49930075 0.49910492 0.49907847 0.49907291 0.49905979 0.4988308
 0.49876391 0.49866629 0.49859699 0.49813772 0.49810947 0.49793019
 0.49789024 0.49777267 0.49768337 0.49768183 0.49764563 0.49721992
 0.49720063 0.49664848 0.49664453 0.4964786  0.49645868 0.49640106
 0.49639304 0.49626446 0.49624102 0.49596631 0.49594787 0.49537437
 0.49532092 0.49520291 0.49520252 0.49496705 0.49489759 0.49482204
 0.49475631 0.49464018 0.49461516 0.49458637 0.49452998 0.49452553
 0.49450312 0.49447014 0.49446248 0.49439202 0.49438694 0.49435289
 0.49430785 0.49405612 0.4940424  0.49394277 0.49386214 0.49378967
 0.49365649 0.4935958  0.49359507 0.49349468 0.49323878 0.49322719
 0.49261641 0.49254157 0.49248888 0.49221115 0.49202339 0.49173348
 0.47586842]"
0.6239669421487604,0.8535353535353535,"[1.54009098 0.54009098 0.51200371 0.51199236 0.50939935 0.50877552
 0.50735012 0.50587441 0.50510642 0.50390135 0.50352662 0.50350996
 0.50288392 0.50234137 0.50221024 0.5021497  0.50185139 0.50103774
 0.50040621 0.50030596 0.50024791 0.49957663 0.49934049 0.4993226
 0.49930075 0.49910492 0.49907847 0.49907291 0.49905979 0.4988308
 0.49876391 0.49866629 0.49859699 0.49813772 0.49810947 0.49793019
 0.49789024 0.49777267 0.49768337 0.49768183 0.49764563 0.49721992
 0.49720063 0.49664848 0.49664453 0.4964786  0.49645868 0.49640106
 0.49639304 0.49626446 0.49624102 0.49596631 0.49594787 0.49537437
 0.49532092 0.49520291 0.49520252 0.49496705 0.49489759 0.49482204
 0.49475631 0.49464018 0.49461516 0.49458637 0.49452998 0.49452553
 0.49450312 0.49447014 0.49446248 0.49439202 0.49438694 0.49435289
 0.49430785 0.49405612 0.4940424  0.49394277 0.49386214 0.49378967
 0.49365649 0.4935958  0.49359507 0.49349468 0.49323878 0.49322719
 0.49261641 0.49254157 0.49248888 0.49221115 0.49202339 0.49173348
 0.47586842]"
0.628099173553719,0.8535353535353535,"[1.54009098 0.54009098 0.51200371 0.51199236 0.50939935 0.50877552
 0.50735012 0.50587441 0.50510642 0.50390135 0.50352662 0.50350996
 0.50288392 0.50234137 0.50221024 0.5021497  0.50185139 0.50103774
 0.50040621 0.50030596 0.50024791 0.49957663 0.49934049 0.4993226
 0.49930075 0.49910492 0.49907847 0.49907291 0.49905979 0.4988308
 0.49876391 0.49866629 0.49859699 0.49813772 0.49810947 0.49793019
 0.49789024 0.49777267 0.49768337 0.49768183 0.49764563 0.49721992
 0.49720063 0.49664848 0.49664453 0.4964786  0.49645868 0.49640106
 0.49639304 0.49626446 0.49624102 0.49596631 0.49594787 0.49537437
 0.49532092 0.49520291 0.49520252 0.49496705 0.49489759 0.49482204
 0.49475631 0.49464018 0.49461516 0.49458637 0.49452998 0.49452553
 0.49450312 0.49447014 0.49446248 0.49439202 0.49438694 0.49435289
 0.49430785 0.49405612 0.4940424  0.49394277 0.49386214 0.49378967
 0.49365649 0.4935958  0.49359507 0.49349468 0.49323878 0.49322719
 0.49261641 0.49254157 0.49248888 0.49221115 0.49202339 0.49173348
 0.47586842]"
0.628099173553719,0.8585858585858586,"[1.54009098 0.54009098 0.51200371 0.51199236 0.50939935 0.50877552
 0.50735012 0.50587441 0.50510642 0.50390135 0.50352662 0.50350996
 0.50288392 0.50234137 0.50221024 0.5021497  0.50185139 0.50103774
 0.50040621 0.50030596 0.50024791 0.49957663 0.49934049 0.4993226
 0.49930075 0.49910492 0.49907847 0.49907291 0.49905979 0.4988308
 0.49876391 0.49866629 0.49859699 0.49813772 0.49810947 0.49793019
 0.49789024 0.49777267 0.49768337 0.49768183 0.49764563 0.49721992
 0.49720063 0.49664848 0.49664453 0.4964786  0.49645868 0.49640106
 0.49639304 0.49626446 0.49624102 0.49596631 0.49594787 0.49537437
 0.49532092 0.49520291 0.49520252 0.49496705 0.49489759 0.49482204
 0.49475631 0.49464018 0.49461516 0.49458637 0.49452998 0.49452553
 0.49450312 0.49447014 0.49446248 0.49439202 0.49438694 0.49435289
 0.49430785 0.49405612 0.4940424  0.49394277 0.49386214 0.49378967
 0.49365649 0.4935958  0.49359507 0.49349468 0.49323878 0.49322719
 0.49261641 0.49254157 0.49248888 0.49221115 0.49202339 0.49173348
 0.47586842]"
0.6322314049586777,0.8585858585858586,"[1.54009098 0.54009098 0.51200371 0.51199236 0.50939935 0.50877552
 0.50735012 0.50587441 0.50510642 0.50390135 0.50352662 0.50350996
 0.50288392 0.50234137 0.50221024 0.5021497  0.50185139 0.50103774
 0.50040621 0.50030596 0.50024791 0.49957663 0.49934049 0.4993226
 0.49930075 0.49910492 0.49907847 0.49907291 0.49905979 0.4988308
 0.49876391 0.49866629 0.49859699 0.49813772 0.49810947 0.49793019
 0.49789024 0.49777267 0.49768337 0.49768183 0.49764563 0.49721992
 0.49720063 0.49664848 0.49664453 0.4964786  0.49645868 0.49640106
 0.49639304 0.49626446 0.49624102 0.49596631 0.49594787 0.49537437
 0.49532092 0.49520291 0.49520252 0.49496705 0.49489759 0.49482204
 0.49475631 0.49464018 0.49461516 0.49458637 0.49452998 0.49452553
 0.49450312 0.49447014 0.49446248 0.49439202 0.49438694 0.49435289
 0.49430785 0.49405612 0.4940424  0.49394277 0.49386214 0.49378967
 0.49365649 0.4935958  0.49359507 0.49349468 0.49323878 0.49322719
 0.49261641 0.49254157 0.49248888 0.49221115 0.49202339 0.49173348
 0.47586842]"
0.6322314049586777,0.8686868686868687,"[1.54009098 0.54009098 0.51200371 0.51199236 0.50939935 0.50877552
 0.50735012 0.50587441 0.50510642 0.50390135 0.50352662 0.50350996
 0.50288392 0.50234137 0.50221024 0.5021497  0.50185139 0.50103774
 0.50040621 0.50030596 0.50024791 0.49957663 0.49934049 0.4993226
 0.49930075 0.49910492 0.49907847 0.49907291 0.49905979 0.4988308
 0.49876391 0.49866629 0.49859699 0.49813772 0.49810947 0.49793019
 0.49789024 0.49777267 0.49768337 0.49768183 0.49764563 0.49721992
 0.49720063 0.49664848 0.49664453 0.4964786  0.49645868 0.49640106
 0.49639304 0.49626446 0.49624102 0.49596631 0.49594787 0.49537437
 0.49532092 0.49520291 0.49520252 0.49496705 0.49489759 0.49482204
 0.49475631 0.49464018 0.49461516 0.49458637 0.49452998 0.49452553
 0.49450312 0.49447014 0.49446248 0.49439202 0.49438694 0.49435289
 0.49430785 0.49405612 0.4940424  0.49394277 0.49386214 0.49378967
 0.49365649 0.4935958  0.49359507 0.49349468 0.49323878 0.49322719
 0.49261641 0.49254157 0.49248888 0.49221115 0.49202339 0.49173348
 0.47586842]"
0.6363636363636364,0.8686868686868687,"[1.54009098 0.54009098 0.51200371 0.51199236 0.50939935 0.50877552
 0.50735012 0.50587441 0.50510642 0.50390135 0.50352662 0.50350996
 0.50288392 0.50234137 0.50221024 0.5021497  0.50185139 0.50103774
 0.50040621 0.50030596 0.50024791 0.49957663 0.49934049 0.4993226
 0.49930075 0.49910492 0.49907847 0.49907291 0.49905979 0.4988308
 0.49876391 0.49866629 0.49859699 0.49813772 0.49810947 0.49793019
 0.49789024 0.49777267 0.49768337 0.49768183 0.49764563 0.49721992
 0.49720063 0.49664848 0.49664453 0.4964786  0.49645868 0.49640106
 0.49639304 0.49626446 0.49624102 0.49596631 0.49594787 0.49537437
 0.49532092 0.49520291 0.49520252 0.49496705 0.49489759 0.49482204
 0.49475631 0.49464018 0.49461516 0.49458637 0.49452998 0.49452553
 0.49450312 0.49447014 0.49446248 0.49439202 0.49438694 0.49435289
 0.49430785 0.49405612 0.4940424  0.49394277 0.49386214 0.49378967
 0.49365649 0.4935958  0.49359507 0.49349468 0.49323878 0.49322719
 0.49261641 0.49254157 0.49248888 0.49221115 0.49202339 0.49173348
 0.47586842]"
0.6363636363636364,0.8838383838383839,"[1.54009098 0.54009098 0.51200371 0.51199236 0.50939935 0.50877552
 0.50735012 0.50587441 0.50510642 0.50390135 0.50352662 0.50350996
 0.50288392 0.50234137 0.50221024 0.5021497  0.50185139 0.50103774
 0.50040621 0.50030596 0.50024791 0.49957663 0.49934049 0.4993226
 0.49930075 0.49910492 0.49907847 0.49907291 0.49905979 0.4988308
 0.49876391 0.49866629 0.49859699 0.49813772 0.49810947 0.49793019
 0.49789024 0.49777267 0.49768337 0.49768183 0.49764563 0.49721992
 0.49720063 0.49664848 0.49664453 0.4964786  0.49645868 0.49640106
 0.49639304 0.49626446 0.49624102 0.49596631 0.49594787 0.49537437
 0.49532092 0.49520291 0.49520252 0.49496705 0.49489759 0.49482204
 0.49475631 0.49464018 0.49461516 0.49458637 0.49452998 0.49452553
 0.49450312 0.49447014 0.49446248 0.49439202 0.49438694 0.49435289
 0.49430785 0.49405612 0.4940424  0.49394277 0.49386214 0.49378967
 0.49365649 0.4935958  0.49359507 0.49349468 0.49323878 0.49322719
 0.49261641 0.49254157 0.49248888 0.49221115 0.49202339 0.49173348
 0.47586842]"
0.640495867768595,0.8838383838383839,"[1.54009098 0.54009098 0.51200371 0.51199236 0.50939935 0.50877552
 0.50735012 0.50587441 0.50510642 0.50390135 0.50352662 0.50350996
 0.50288392 0.50234137 0.50221024 0.5021497  0.50185139 0.50103774
 0.50040621 0.50030596 0.50024791 0.49957663 0.49934049 0.4993226
 0.49930075 0.49910492 0.49907847 0.49907291 0.49905979 0.4988308
 0.49876391 0.49866629 0.49859699 0.49813772 0.49810947 0.49793019
 0.49789024 0.49777267 0.49768337 0.49768183 0.49764563 0.49721992
 0.49720063 0.49664848 0.49664453 0.4964786  0.49645868 0.49640106
 0.49639304 0.49626446 0.49624102 0.49596631 0.49594787 0.49537437
 0.49532092 0.49520291 0.49520252 0.49496705 0.49489759 0.49482204
 0.49475631 0.49464018 0.49461516 0.49458637 0.49452998 0.49452553
 0.49450312 0.49447014 0.49446248 0.49439202 0.49438694 0.49435289
 0.49430785 0.49405612 0.4940424  0.49394277 0.49386214 0.49378967
 0.49365649 0.4935958  0.49359507 0.49349468 0.49323878 0.49322719
 0.49261641 0.49254157 0.49248888 0.49221115 0.49202339 0.49173348
 0.47586842]"
0.640495867768595,0.8939393939393939,"[1.54009098 0.54009098 0.51200371 0.51199236 0.50939935 0.50877552
 0.50735012 0.50587441 0.50510642 0.50390135 0.50352662 0.50350996
 0.50288392 0.50234137 0.50221024 0.5021497  0.50185139 0.50103774
 0.50040621 0.50030596 0.50024791 0.49957663 0.49934049 0.4993226
 0.49930075 0.49910492 0.49907847 0.49907291 0.49905979 0.4988308
 0.49876391 0.49866629 0.49859699 0.49813772 0.49810947 0.49793019
 0.49789024 0.49777267 0.49768337 0.49768183 0.49764563 0.49721992
 0.49720063 0.49664848 0.49664453 0.4964786  0.49645868 0.49640106
 0.49639304 0.49626446 0.49624102 0.49596631 0.49594787 0.49537437
 0.49532092 0.49520291 0.49520252 0.49496705 0.49489759 0.49482204
 0.49475631 0.49464018 0.49461516 0.49458637 0.49452998 0.49452553
 0.49450312 0.49447014 0.49446248 0.49439202 0.49438694 0.49435289
 0.49430785 0.49405612 0.4940424  0.49394277 0.49386214 0.49378967
 0.49365649 0.4935958  0.49359507 0.49349468 0.49323878 0.49322719
 0.49261641 0.49254157 0.49248888 0.49221115 0.49202339 0.49173348
 0.47586842]"
0.6446280991735537,0.8939393939393939,"[1.54009098 0.54009098 0.51200371 0.51199236 0.50939935 0.50877552
 0.50735012 0.50587441 0.50510642 0.50390135 0.50352662 0.50350996
 0.50288392 0.50234137 0.50221024 0.5021497  0.50185139 0.50103774
 0.50040621 0.50030596 0.50024791 0.49957663 0.49934049 0.4993226
 0.49930075 0.49910492 0.49907847 0.49907291 0.49905979 0.4988308
 0.49876391 0.49866629 0.49859699 0.49813772 0.49810947 0.49793019
 0.49789024 0.49777267 0.49768337 0.49768183 0.49764563 0.49721992
 0.49720063 0.49664848 0.49664453 0.4964786  0.49645868 0.49640106
 0.49639304 0.49626446 0.49624102 0.49596631 0.49594787 0.49537437
 0.49532092 0.49520291 0.49520252 0.49496705 0.49489759 0.49482204
 0.49475631 0.49464018 0.49461516 0.49458637 0.49452998 0.49452553
 0.49450312 0.49447014 0.49446248 0.49439202 0.49438694 0.49435289
 0.49430785 0.49405612 0.4940424  0.49394277 0.49386214 0.49378967
 0.49365649 0.4935958  0.49359507 0.49349468 0.49323878 0.49322719
 0.49261641 0.49254157 0.49248888 0.49221115 0.49202339 0.49173348
 0.47586842]"
0.6446280991735537,0.9242424242424242,"[1.54009098 0.54009098 0.51200371 0.51199236 0.50939935 0.50877552
 0.50735012 0.50587441 0.50510642 0.50390135 0.50352662 0.50350996
 0.50288392 0.50234137 0.50221024 0.5021497  0.50185139 0.50103774
 0.50040621 0.50030596 0.50024791 0.49957663 0.49934049 0.4993226
 0.49930075 0.49910492 0.49907847 0.49907291 0.49905979 0.4988308
 0.49876391 0.49866629 0.49859699 0.49813772 0.49810947 0.49793019
 0.49789024 0.49777267 0.49768337 0.49768183 0.49764563 0.49721992
 0.49720063 0.49664848 0.49664453 0.4964786  0.49645868 0.49640106
 0.49639304 0.49626446 0.49624102 0.49596631 0.49594787 0.49537437
 0.49532092 0.49520291 0.49520252 0.49496705 0.49489759 0.49482204
 0.49475631 0.49464018 0.49461516 0.49458637 0.49452998 0.49452553
 0.49450312 0.49447014 0.49446248 0.49439202 0.49438694 0.49435289
 0.49430785 0.49405612 0.4940424  0.49394277 0.49386214 0.49378967
 0.49365649 0.4935958  0.49359507 0.49349468 0.49323878 0.49322719
 0.49261641 0.49254157 0.49248888 0.49221115 0.49202339 0.49173348
 0.47586842]"
0.6487603305785123,0.9242424242424242,"[1.54009098 0.54009098 0.51200371 0.51199236 0.50939935 0.50877552
 0.50735012 0.50587441 0.50510642 0.50390135 0.50352662 0.50350996
 0.50288392 0.50234137 0.50221024 0.5021497  0.50185139 0.50103774
 0.50040621 0.50030596 0.50024791 0.49957663 0.49934049 0.4993226
 0.49930075 0.49910492 0.49907847 0.49907291 0.49905979 0.4988308
 0.49876391 0.49866629 0.49859699 0.49813772 0.49810947 0.49793019
 0.49789024 0.49777267 0.49768337 0.49768183 0.49764563 0.49721992
 0.49720063 0.49664848 0.49664453 0.4964786  0.49645868 0.49640106
 0.49639304 0.49626446 0.49624102 0.49596631 0.49594787 0.49537437
 0.49532092 0.49520291 0.49520252 0.49496705 0.49489759 0.49482204
 0.49475631 0.49464018 0.49461516 0.49458637 0.49452998 0.49452553
 0.49450312 0.49447014 0.49446248 0.49439202 0.49438694 0.49435289
 0.49430785 0.49405612 0.4940424  0.49394277 0.49386214 0.49378967
 0.49365649 0.4935958  0.49359507 0.49349468 0.49323878 0.49322719
 0.49261641 0.49254157 0.49248888 0.49221115 0.49202339 0.49173348
 0.47586842]"
0.6487603305785123,0.9444444444444444,"[1.54009098 0.54009098 0.51200371 0.51199236 0.50939935 0.50877552
 0.50735012 0.50587441 0.50510642 0.50390135 0.50352662 0.50350996
 0.50288392 0.50234137 0.50221024 0.5021497  0.50185139 0.50103774
 0.50040621 0.50030596 0.50024791 0.49957663 0.49934049 0.4993226
 0.49930075 0.49910492 0.49907847 0.49907291 0.49905979 0.4988308
 0.49876391 0.49866629 0.49859699 0.49813772 0.49810947 0.49793019
 0.49789024 0.49777267 0.49768337 0.49768183 0.49764563 0.49721992
 0.49720063 0.49664848 0.49664453 0.4964786  0.49645868 0.49640106
 0.49639304 0.49626446 0.49624102 0.49596631 0.49594787 0.49537437
 0.49532092 0.49520291 0.49520252 0.49496705 0.49489759 0.49482204
 0.49475631 0.49464018 0.49461516 0.49458637 0.49452998 0.49452553
 0.49450312 0.49447014 0.49446248 0.49439202 0.49438694 0.49435289
 0.49430785 0.49405612 0.4940424  0.49394277 0.49386214 0.49378967
 0.49365649 0.4935958  0.49359507 0.49349468 0.49323878 0.49322719
 0.49261641 0.49254157 0.49248888 0.49221115 0.49202339 0.49173348
 0.47586842]"
0.6570247933884298,0.9444444444444444,"[1.54009098 0.54009098 0.51200371 0.51199236 0.50939935 0.50877552
 0.50735012 0.50587441 0.50510642 0.50390135 0.50352662 0.50350996
 0.50288392 0.50234137 0.50221024 0.5021497  0.50185139 0.50103774
 0.50040621 0.50030596 0.50024791 0.49957663 0.49934049 0.4993226
 0.49930075 0.49910492 0.49907847 0.49907291 0.49905979 0.4988308
 0.49876391 0.49866629 0.49859699 0.49813772 0.49810947 0.49793019
 0.49789024 0.49777267 0.49768337 0.49768183 0.49764563 0.49721992
 0.49720063 0.49664848 0.49664453 0.4964786  0.49645868 0.49640106
 0.49639304 0.49626446 0.49624102 0.49596631 0.49594787 0.49537437
 0.49532092 0.49520291 0.49520252 0.49496705 0.49489759 0.49482204
 0.49475631 0.49464018 0.49461516 0.49458637 0.49452998 0.49452553
 0.49450312 0.49447014 0.49446248 0.49439202 0.49438694 0.49435289
 0.49430785 0.49405612 0.4940424  0.49394277 0.49386214 0.49378967
 0.49365649 0.4935958  0.49359507 0.49349468 0.49323878 0.49322719
 0.49261641 0.49254157 0.49248888 0.49221115 0.49202339 0.49173348
 0.47586842]"
0.6570247933884298,0.9494949494949495,"[1.54009098 0.54009098 0.51200371 0.51199236 0.50939935 0.50877552
 0.50735012 0.50587441 0.50510642 0.50390135 0.50352662 0.50350996
 0.50288392 0.50234137 0.50221024 0.5021497  0.50185139 0.50103774
 0.50040621 0.50030596 0.50024791 0.49957663 0.49934049 0.4993226
 0.49930075 0.49910492 0.49907847 0.49907291 0.49905979 0.4988308
 0.49876391 0.49866629 0.49859699 0.49813772 0.49810947 0.49793019
 0.49789024 0.49777267 0.49768337 0.49768183 0.49764563 0.49721992
 0.49720063 0.49664848 0.49664453 0.4964786  0.49645868 0.49640106
 0.49639304 0.49626446 0.49624102 0.49596631 0.49594787 0.49537437
 0.49532092 0.49520291 0.49520252 0.49496705 0.49489759 0.49482204
 0.49475631 0.49464018 0.49461516 0.49458637 0.49452998 0.49452553
 0.49450312 0.49447014 0.49446248 0.49439202 0.49438694 0.49435289
 0.49430785 0.49405612 0.4940424  0.49394277 0.49386214 0.49378967
 0.49365649 0.4935958  0.49359507 0.49349468 0.49323878 0.49322719
 0.49261641 0.49254157 0.49248888 0.49221115 0.49202339 0.49173348
 0.47586842]"
0.6652892561983471,0.9494949494949495,"[1.54009098 0.54009098 0.51200371 0.51199236 0.50939935 0.50877552
 0.50735012 0.50587441 0.50510642 0.50390135 0.50352662 0.50350996
 0.50288392 0.50234137 0.50221024 0.5021497  0.50185139 0.50103774
 0.50040621 0.50030596 0.50024791 0.49957663 0.49934049 0.4993226
 0.49930075 0.49910492 0.49907847 0.49907291 0.49905979 0.4988308
 0.49876391 0.49866629 0.49859699 0.49813772 0.49810947 0.49793019
 0.49789024 0.49777267 0.49768337 0.49768183 0.49764563 0.49721992
 0.49720063 0.49664848 0.49664453 0.4964786  0.49645868 0.49640106
 0.49639304 0.49626446 0.49624102 0.49596631 0.49594787 0.49537437
 0.49532092 0.49520291 0.49520252 0.49496705 0.49489759 0.49482204
 0.49475631 0.49464018 0.49461516 0.49458637 0.49452998 0.49452553
 0.49450312 0.49447014 0.49446248 0.49439202 0.49438694 0.49435289
 0.49430785 0.49405612 0.4940424  0.49394277 0.49386214 0.49378967
 0.49365649 0.4935958  0.49359507 0.49349468 0.49323878 0.49322719
 0.49261641 0.49254157 0.49248888 0.49221115 0.49202339 0.49173348
 0.47586842]"
0.6652892561983471,0.9545454545454546,"[1.54009098 0.54009098 0.51200371 0.51199236 0.50939935 0.50877552
 0.50735012 0.50587441 0.50510642 0.50390135 0.50352662 0.50350996
 0.50288392 0.50234137 0.50221024 0.5021497  0.50185139 0.50103774
 0.50040621 0.50030596 0.50024791 0.49957663 0.49934049 0.4993226
 0.49930075 0.49910492 0.49907847 0.49907291 0.49905979 0.4988308
 0.49876391 0.49866629 0.49859699 0.49813772 0.49810947 0.49793019
 0.49789024 0.49777267 0.49768337 0.49768183 0.49764563 0.49721992
 0.49720063 0.49664848 0.49664453 0.4964786  0.49645868 0.49640106
 0.49639304 0.49626446 0.49624102 0.49596631 0.49594787 0.49537437
 0.49532092 0.49520291 0.49520252 0.49496705 0.49489759 0.49482204
 0.49475631 0.49464018 0.49461516 0.49458637 0.49452998 0.49452553
 0.49450312 0.49447014 0.49446248 0.49439202 0.49438694 0.49435289
 0.49430785 0.49405612 0.4940424  0.49394277 0.49386214 0.49378967
 0.49365649 0.4935958  0.49359507 0.49349468 0.49323878 0.49322719
 0.49261641 0.49254157 0.49248888 0.49221115 0.49202339 0.49173348
 0.47586842]"
0.6694214876033058,0.9545454545454546,"[1.54009098 0.54009098 0.51200371 0.51199236 0.50939935 0.50877552
 0.50735012 0.50587441 0.50510642 0.50390135 0.50352662 0.50350996
 0.50288392 0.50234137 0.50221024 0.5021497  0.50185139 0.50103774
 0.50040621 0.50030596 0.50024791 0.49957663 0.49934049 0.4993226
 0.49930075 0.49910492 0.49907847 0.49907291 0.49905979 0.4988308
 0.49876391 0.49866629 0.49859699 0.49813772 0.49810947 0.49793019
 0.49789024 0.49777267 0.49768337 0.49768183 0.49764563 0.49721992
 0.49720063 0.49664848 0.49664453 0.4964786  0.49645868 0.49640106
 0.49639304 0.49626446 0.49624102 0.49596631 0.49594787 0.49537437
 0.49532092 0.49520291 0.49520252 0.49496705 0.49489759 0.49482204
 0.49475631 0.49464018 0.49461516 0.49458637 0.49452998 0.49452553
 0.49450312 0.49447014 0.49446248 0.49439202 0.49438694 0.49435289
 0.49430785 0.49405612 0.4940424  0.49394277 0.49386214 0.49378967
 0.49365649 0.4935958  0.49359507 0.49349468 0.49323878 0.49322719
 0.49261641 0.49254157 0.49248888 0.49221115 0.49202339 0.49173348
 0.47586842]"
0.6694214876033058,0.9646464646464646,"[1.54009098 0.54009098 0.51200371 0.51199236 0.50939935 0.50877552
 0.50735012 0.50587441 0.50510642 0.50390135 0.50352662 0.50350996
 0.50288392 0.50234137 0.50221024 0.5021497  0.50185139 0.50103774
 0.50040621 0.50030596 0.50024791 0.49957663 0.49934049 0.4993226
 0.49930075 0.49910492 0.49907847 0.49907291 0.49905979 0.4988308
 0.49876391 0.49866629 0.49859699 0.49813772 0.49810947 0.49793019
 0.49789024 0.49777267 0.49768337 0.49768183 0.49764563 0.49721992
 0.49720063 0.49664848 0.49664453 0.4964786  0.49645868 0.49640106
 0.49639304 0.49626446 0.49624102 0.49596631 0.49594787 0.49537437
 0.49532092 0.49520291 0.49520252 0.49496705 0.49489759 0.49482204
 0.49475631 0.49464018 0.49461516 0.49458637 0.49452998 0.49452553
 0.49450312 0.49447014 0.49446248 0.49439202 0.49438694 0.49435289
 0.49430785 0.49405612 0.4940424  0.49394277 0.49386214 0.49378967
 0.49365649 0.4935958  0.49359507 0.49349468 0.49323878 0.49322719
 0.49261641 0.49254157 0.49248888 0.49221115 0.49202339 0.49173348
 0.47586842]"
0.6776859504132231,0.9646464646464646,"[1.54009098 0.54009098 0.51200371 0.51199236 0.50939935 0.50877552
 0.50735012 0.50587441 0.50510642 0.50390135 0.50352662 0.50350996
 0.50288392 0.50234137 0.50221024 0.5021497  0.50185139 0.50103774
 0.50040621 0.50030596 0.50024791 0.49957663 0.49934049 0.4993226
 0.49930075 0.49910492 0.49907847 0.49907291 0.49905979 0.4988308
 0.49876391 0.49866629 0.49859699 0.49813772 0.49810947 0.49793019
 0.49789024 0.49777267 0.49768337 0.49768183 0.49764563 0.49721992
 0.49720063 0.49664848 0.49664453 0.4964786  0.49645868 0.49640106
 0.49639304 0.49626446 0.49624102 0.49596631 0.49594787 0.49537437
 0.49532092 0.49520291 0.49520252 0.49496705 0.49489759 0.49482204
 0.49475631 0.49464018 0.49461516 0.49458637 0.49452998 0.49452553
 0.49450312 0.49447014 0.49446248 0.49439202 0.49438694 0.49435289
 0.49430785 0.49405612 0.4940424  0.49394277 0.49386214 0.49378967
 0.49365649 0.4935958  0.49359507 0.49349468 0.49323878 0.49322719
 0.49261641 0.49254157 0.49248888 0.49221115 0.49202339 0.49173348
 0.47586842]"
0.6776859504132231,0.9696969696969697,"[1.54009098 0.54009098 0.51200371 0.51199236 0.50939935 0.50877552
 0.50735012 0.50587441 0.50510642 0.50390135 0.50352662 0.50350996
 0.50288392 0.50234137 0.50221024 0.5021497  0.50185139 0.50103774
 0.50040621 0.50030596 0.50024791 0.49957663 0.49934049 0.4993226
 0.49930075 0.49910492 0.49907847 0.49907291 0.49905979 0.4988308
 0.49876391 0.49866629 0.49859699 0.49813772 0.49810947 0.49793019
 0.49789024 0.49777267 0.49768337 0.49768183 0.49764563 0.49721992
 0.49720063 0.49664848 0.49664453 0.4964786  0.49645868 0.49640106
 0.49639304 0.49626446 0.49624102 0.49596631 0.49594787 0.49537437
 0.49532092 0.49520291 0.49520252 0.49496705 0.49489759 0.49482204
 0.49475631 0.49464018 0.49461516 0.49458637 0.49452998 0.49452553
 0.49450312 0.49447014 0.49446248 0.49439202 0.49438694 0.49435289
 0.49430785 0.49405612 0.4940424  0.49394277 0.49386214 0.49378967
 0.49365649 0.4935958  0.49359507 0.49349468 0.49323878 0.49322719
 0.49261641 0.49254157 0.49248888 0.49221115 0.49202339 0.49173348
 0.47586842]"
0.6942148760330579,0.9696969696969697,"[1.54009098 0.54009098 0.51200371 0.51199236 0.50939935 0.50877552
 0.50735012 0.50587441 0.50510642 0.50390135 0.50352662 0.50350996
 0.50288392 0.50234137 0.50221024 0.5021497  0.50185139 0.50103774
 0.50040621 0.50030596 0.50024791 0.49957663 0.49934049 0.4993226
 0.49930075 0.49910492 0.49907847 0.49907291 0.49905979 0.4988308
 0.49876391 0.49866629 0.49859699 0.49813772 0.49810947 0.49793019
 0.49789024 0.49777267 0.49768337 0.49768183 0.49764563 0.49721992
 0.49720063 0.49664848 0.49664453 0.4964786  0.49645868 0.49640106
 0.49639304 0.49626446 0.49624102 0.49596631 0.49594787 0.49537437
 0.49532092 0.49520291 0.49520252 0.49496705 0.49489759 0.49482204
 0.49475631 0.49464018 0.49461516 0.49458637 0.49452998 0.49452553
 0.49450312 0.49447014 0.49446248 0.49439202 0.49438694 0.49435289
 0.49430785 0.49405612 0.4940424  0.49394277 0.49386214 0.49378967
 0.49365649 0.4935958  0.49359507 0.49349468 0.49323878 0.49322719
 0.49261641 0.49254157 0.49248888 0.49221115 0.49202339 0.49173348
 0.47586842]"
0.6942148760330579,0.9797979797979798,"[1.54009098 0.54009098 0.51200371 0.51199236 0.50939935 0.50877552
 0.50735012 0.50587441 0.50510642 0.50390135 0.50352662 0.50350996
 0.50288392 0.50234137 0.50221024 0.5021497  0.50185139 0.50103774
 0.50040621 0.50030596 0.50024791 0.49957663 0.49934049 0.4993226
 0.49930075 0.49910492 0.49907847 0.49907291 0.49905979 0.4988308
 0.49876391 0.49866629 0.49859699 0.49813772 0.49810947 0.49793019
 0.49789024 0.49777267 0.49768337 0.49768183 0.49764563 0.49721992
 0.49720063 0.49664848 0.49664453 0.4964786  0.49645868 0.49640106
 0.49639304 0.49626446 0.49624102 0.49596631 0.49594787 0.49537437
 0.49532092 0.49520291 0.49520252 0.49496705 0.49489759 0.49482204
 0.49475631 0.49464018 0.49461516 0.49458637 0.49452998 0.49452553
 0.49450312 0.49447014 0.49446248 0.49439202 0.49438694 0.49435289
 0.49430785 0.49405612 0.4940424  0.49394277 0.49386214 0.49378967
 0.49365649 0.4935958  0.49359507 0.49349468 0.49323878 0.49322719
 0.49261641 0.49254157 0.49248888 0.49221115 0.49202339 0.49173348
 0.47586842]"
0.7024793388429752,0.9797979797979798,"[1.54009098 0.54009098 0.51200371 0.51199236 0.50939935 0.50877552
 0.50735012 0.50587441 0.50510642 0.50390135 0.50352662 0.50350996
 0.50288392 0.50234137 0.50221024 0.5021497  0.50185139 0.50103774
 0.50040621 0.50030596 0.50024791 0.49957663 0.49934049 0.4993226
 0.49930075 0.49910492 0.49907847 0.49907291 0.49905979 0.4988308
 0.49876391 0.49866629 0.49859699 0.49813772 0.49810947 0.49793019
 0.49789024 0.49777267 0.49768337 0.49768183 0.49764563 0.49721992
 0.49720063 0.49664848 0.49664453 0.4964786  0.49645868 0.49640106
 0.49639304 0.49626446 0.49624102 0.49596631 0.49594787 0.49537437
 0.49532092 0.49520291 0.49520252 0.49496705 0.49489759 0.49482204
 0.49475631 0.49464018 0.49461516 0.49458637 0.49452998 0.49452553
 0.49450312 0.49447014 0.49446248 0.49439202 0.49438694 0.49435289
 0.49430785 0.49405612 0.4940424  0.49394277 0.49386214 0.49378967
 0.49365649 0.4935958  0.49359507 0.49349468 0.49323878 0.49322719
 0.49261641 0.49254157 0.49248888 0.49221115 0.49202339 0.49173348
 0.47586842]"
0.7024793388429752,0.9949494949494949,"[1.54009098 0.54009098 0.51200371 0.51199236 0.50939935 0.50877552
 0.50735012 0.50587441 0.50510642 0.50390135 0.50352662 0.50350996
 0.50288392 0.50234137 0.50221024 0.5021497  0.50185139 0.50103774
 0.50040621 0.50030596 0.50024791 0.49957663 0.49934049 0.4993226
 0.49930075 0.49910492 0.49907847 0.49907291 0.49905979 0.4988308
 0.49876391 0.49866629 0.49859699 0.49813772 0.49810947 0.49793019
 0.49789024 0.49777267 0.49768337 0.49768183 0.49764563 0.49721992
 0.49720063 0.49664848 0.49664453 0.4964786  0.49645868 0.49640106
 0.49639304 0.49626446 0.49624102 0.49596631 0.49594787 0.49537437
 0.49532092 0.49520291 0.49520252 0.49496705 0.49489759 0.49482204
 0.49475631 0.49464018 0.49461516 0.49458637 0.49452998 0.49452553
 0.49450312 0.49447014 0.49446248 0.49439202 0.49438694 0.49435289
 0.49430785 0.49405612 0.4940424  0.49394277 0.49386214 0.49378967
 0.49365649 0.4935958  0.49359507 0.49349468 0.49323878 0.49322719
 0.49261641 0.49254157 0.49248888 0.49221115 0.49202339 0.49173348
 0.47586842]"
0.7107438016528925,0.9949494949494949,"[1.54009098 0.54009098 0.51200371 0.51199236 0.50939935 0.50877552
 0.50735012 0.50587441 0.50510642 0.50390135 0.50352662 0.50350996
 0.50288392 0.50234137 0.50221024 0.5021497  0.50185139 0.50103774
 0.50040621 0.50030596 0.50024791 0.49957663 0.49934049 0.4993226
 0.49930075 0.49910492 0.49907847 0.49907291 0.49905979 0.4988308
 0.49876391 0.49866629 0.49859699 0.49813772 0.49810947 0.49793019
 0.49789024 0.49777267 0.49768337 0.49768183 0.49764563 0.49721992
 0.49720063 0.49664848 0.49664453 0.4964786  0.49645868 0.49640106
 0.49639304 0.49626446 0.49624102 0.49596631 0.49594787 0.49537437
 0.49532092 0.49520291 0.49520252 0.49496705 0.49489759 0.49482204
 0.49475631 0.49464018 0.49461516 0.49458637 0.49452998 0.49452553
 0.49450312 0.49447014 0.49446248 0.49439202 0.49438694 0.49435289
 0.49430785 0.49405612 0.4940424  0.49394277 0.49386214 0.49378967
 0.49365649 0.4935958  0.49359507 0.49349468 0.49323878 0.49322719
 0.49261641 0.49254157 0.49248888 0.49221115 0.49202339 0.49173348
 0.47586842]"
0.7107438016528925,1.0,"[1.54009098 0.54009098 0.51200371 0.51199236 0.50939935 0.50877552
 0.50735012 0.50587441 0.50510642 0.50390135 0.50352662 0.50350996
 0.50288392 0.50234137 0.50221024 0.5021497  0.50185139 0.50103774
 0.50040621 0.50030596 0.50024791 0.49957663 0.49934049 0.4993226
 0.49930075 0.49910492 0.49907847 0.49907291 0.49905979 0.4988308
 0.49876391 0.49866629 0.49859699 0.49813772 0.49810947 0.49793019
 0.49789024 0.49777267 0.49768337 0.49768183 0.49764563 0.49721992
 0.49720063 0.49664848 0.49664453 0.4964786  0.49645868 0.49640106
 0.49639304 0.49626446 0.49624102 0.49596631 0.49594787 0.49537437
 0.49532092 0.49520291 0.49520252 0.49496705 0.49489759 0.49482204
 0.49475631 0.49464018 0.49461516 0.49458637 0.49452998 0.49452553
 0.49450312 0.49447014 0.49446248 0.49439202 0.49438694 0.49435289
 0.49430785 0.49405612 0.4940424  0.49394277 0.49386214 0.49378967
 0.49365649 0.4935958  0.49359507 0.49349468 0.49323878 0.49322719
 0.49261641 0.49254157 0.49248888 0.49221115 0.49202339 0.49173348
 0.47586842]"
1.0,1.0,"[1.54009098 0.54009098 0.51200371 0.51199236 0.50939935 0.50877552
 0.50735012 0.50587441 0.50510642 0.50390135 0.50352662 0.50350996
 0.50288392 0.50234137 0.50221024 0.5021497  0.50185139 0.50103774
 0.50040621 0.50030596 0.50024791 0.49957663 0.49934049 0.4993226
 0.49930075 0.49910492 0.49907847 0.49907291 0.49905979 0.4988308
 0.49876391 0.49866629 0.49859699 0.49813772 0.49810947 0.49793019
 0.49789024 0.49777267 0.49768337 0.49768183 0.49764563 0.49721992
 0.49720063 0.49664848 0.49664453 0.4964786  0.49645868 0.49640106
 0.49639304 0.49626446 0.49624102 0.49596631 0.49594787 0.49537437
 0.49532092 0.49520291 0.49520252 0.49496705 0.49489759 0.49482204
 0.49475631 0.49464018 0.49461516 0.49458637 0.49452998 0.49452553
 0.49450312 0.49447014 0.49446248 0.49439202 0.49438694 0.49435289
 0.49430785 0.49405612 0.4940424  0.49394277 0.49386214 0.49378967
 0.49365649 0.4935958  0.49359507 0.49349468 0.49323878 0.49322719
 0.49261641 0.49254157 0.49248888 0.49221115 0.49202339 0.49173348
 0.47586842]"
